licenseNum,date,yelp_name,yelp_id,image_url,is_claimed,is_closed,address,city,state,country,zip_code,price,rating,review_count,transactions,url
BU20640090,2019-04-01,Pandanus Leaf,xn-Tq0Pz4ZyR7c9LOTIHgg,https://s3-media1.fl.yelpcdn.com/bphoto/CEQMmnj4uxtEDRWH9qVQYw/o.jpg,True,False,763 E Anaheim St,Long Beach,CA,US,90813,$,3.5,224,[],https://www.yelp.com/biz/pandanus-leaf-long-beach-2?adjust_creative=OorxPpvbQO7_P_C9N1Ciwg&utm_campaign=yelp_api_v3&utm_medium=api_v3_business_lookup&utm_source=OorxPpvbQO7_P_C9N1Ciwg
BU20357460,2019-04-01,Beach Jewelry Center,8DHsGuN4VeA2zvu3XlDkMA,https://s3-media3.fl.yelpcdn.com/bphoto/AhGyKgEVNNQ3s_VanTO0iA/o.jpg,True,False,121 Pine Ave,Long Beach,CA,US,90802,$$,4.5,20,[],https://www.yelp.com/biz/beach-jewelry-center-long-beach?adjust_creative=OorxPpvbQO7_P_C9N1Ciwg&utm_campaign=yelp_api_v3&utm_medium=api_v3_business_lookup&utm_source=OorxPpvbQO7_P_C9N1Ciwg
BU20348284,2019-04-01,Salon Shampu,yutUe8kZ_dcU3Yv-2w1ZCA,https://s3-media3.fl.yelpcdn.com/bphoto/k8i4-hJb7c_zlddLK1BS5Q/o.jpg,True,False,422 E Broadway,Long Beach,CA,US,90802,$$,5.0,33,[],https://www.yelp.com/biz/salon-shampu-long-beach?adjust_creative=OorxPpvbQO7_P_C9N1Ciwg&utm_campaign=yelp_api_v3&utm_medium=api_v3_business_lookup&utm_source=OorxPpvbQO7_P_C9N1Ciwg
BU20049460,2019-04-01,"Holmes & Associates, CPAs",2UjRXeikHbE-UMjim45weg,https://s3-media1.fl.yelpcdn.com/bphoto/KQZ8sYKLpgv7pSf-MxUbOQ/o.jpg,True,False,400 Oceangate Ave,Long Beach,CA,US,90802,,4.5,32,[],https://www.yelp.com/biz/holmes-and-associates-cpas-long-beach-2?adjust_creative=OorxPpvbQO7_P_C9N1Ciwg&utm_campaign=yelp_api_v3&utm_medium=api_v3_business_lookup&utm_source=OorxPpvbQO7_P_C9N1Ciwg
BU04035981,2019-04-01,J S Auto Service,6zaXOcoNcRbtO9a09h530w,,False,False,912 E 3rd St,Long Beach,CA,US,90802,,5.0,1,[],https://www.yelp.com/biz/j-s-auto-service-long-beach?adjust_creative=OorxPpvbQO7_P_C9N1Ciwg&utm_campaign=yelp_api_v3&utm_medium=api_v3_business_lookup&utm_source=OorxPpvbQO7_P_C9N1Ciwg
BU20249410,2019-04-01,Payless ShoeSource,8l3BT6eO0gSuwmNJgFXKdg,https://s3-media3.fl.yelpcdn.com/bphoto/5fFa-nOq4oY0Iz8nMaT6ug/o.jpg,False,False,201 E 5th St,Long Beach,CA,US,90802,$$,2.0,3,[],https://www.yelp.com/biz/payless-shoesource-long-beach-8?adjust_creative=OorxPpvbQO7_P_C9N1Ciwg&utm_campaign=yelp_api_v3&utm_medium=api_v3_business_lookup&utm_source=OorxPpvbQO7_P_C9N1Ciwg
BU03034792,2019-04-01,Redgate Memorial Recovery Center,Durt1HZBYpaQh2TTcMxJqQ,,False,False,1775 Chestnut Ave,Long Beach,CA,US,90813,,2.5,3,[],https://www.yelp.com/biz/redgate-memorial-recovery-center-long-beach?adjust_creative=OorxPpvbQO7_P_C9N1Ciwg&utm_campaign=yelp_api_v3&utm_medium=api_v3_business_lookup&utm_source=OorxPpvbQO7_P_C9N1Ciwg
BU20200351,2019-04-01,Blue Engravers,Zw-ei2peaukC6wdr0ZG92A,https://s3-media4.fl.yelpcdn.com/bphoto/ubsYvt1xTIiXK2qQRr3b0g/o.jpg,True,False,1375 Caspian Ave,Long Beach,CA,US,90813,,5.0,1,[],https://www.yelp.com/biz/blue-engravers-long-beach?adjust_creative=OorxPpvbQO7_P_C9N1Ciwg&utm_campaign=yelp_api_v3&utm_medium=api_v3_business_lookup&utm_source=OorxPpvbQO7_P_C9N1Ciwg
BU20719040,2019-04-01,Arco,q_srwqJ07mFHl8_2cZsHNA,,False,False,907 E 7th St,Long Beach,CA,US,90813,,2.0,5,[],https://www.yelp.com/biz/arco-long-beach-15?adjust_creative=OorxPpvbQO7_P_C9N1Ciwg&utm_campaign=yelp_api_v3&utm_medium=api_v3_business_lookup&utm_source=OorxPpvbQO7_P_C9N1Ciwg
BU20640830,2019-04-01,Zastrow Fence & Masonry,t9spkN_udTqMEqvuX_rbDg,https://s3-media2.fl.yelpcdn.com/bphoto/ntbgcGP9NyQMygbf_KdmeQ/o.jpg,False,False,,Long Beach,CA,US,90815,,5.0,4,[],https://www.yelp.com/biz/zastrow-fence-and-masonry-long-beach?adjust_creative=OorxPpvbQO7_P_C9N1Ciwg&utm_campaign=yelp_api_v3&utm_medium=api_v3_business_lookup&utm_source=OorxPpvbQO7_P_C9N1Ciwg
BU20562010,2019-04-01,Firestone Complete Auto Care,HytFDoSRuIbjtGW5qc_CuQ,https://s3-media2.fl.yelpcdn.com/bphoto/ttSgaGjBJv6xkUlKK5K0KQ/o.jpg,True,False,636 Locust Ave,Long Beach,CA,US,90802,,3.5,105,[],https://www.yelp.com/biz/firestone-complete-auto-care-long-beach?adjust_creative=OorxPpvbQO7_P_C9N1Ciwg&utm_campaign=yelp_api_v3&utm_medium=api_v3_business_lookup&utm_source=OorxPpvbQO7_P_C9N1Ciwg
BU20624250,2019-04-01,PCH Poultry & Market,4bPaQxk7-0fHiL-FWigfZA,https://s3-media3.fl.yelpcdn.com/bphoto/l2pCovq5ZWjs4fFw7NDLPw/o.jpg,True,False,1701 Magnolia Ave,Long Beach,CA,US,90813,$$,4.0,24,[],https://www.yelp.com/biz/pch-poultry-and-market-long-beach?adjust_creative=OorxPpvbQO7_P_C9N1Ciwg&utm_campaign=yelp_api_v3&utm_medium=api_v3_business_lookup&utm_source=OorxPpvbQO7_P_C9N1Ciwg
BU20124970,2019-04-01,Santa Fe Garage Auto Repair,gWjkj23-Gv8MzVOt2SCDGA,https://s3-media2.fl.yelpcdn.com/bphoto/NrWMRicvBbtOPPP6fSvmjQ/o.jpg,True,False,1581 Santa Fe Ave,Long Beach,CA,US,90813,,3.0,8,[],https://www.yelp.com/biz/santa-fe-garage-auto-repair-long-beach?adjust_creative=OorxPpvbQO7_P_C9N1Ciwg&utm_campaign=yelp_api_v3&utm_medium=api_v3_business_lookup&utm_source=OorxPpvbQO7_P_C9N1Ciwg
BU03093780,2019-04-01,Hastings & Vaughan,wQNvTYVekMwKZNIYF7b8Bg,https://s3-media1.fl.yelpcdn.com/bphoto/jVuQiFldMnwTBBK-NtdNng/o.jpg,True,False,1560 Santa Fe Ave,Long Beach,CA,US,90813,,5.0,1,[],https://www.yelp.com/biz/hastings-and-vaughan-long-beach?adjust_creative=OorxPpvbQO7_P_C9N1Ciwg&utm_campaign=yelp_api_v3&utm_medium=api_v3_business_lookup&utm_source=OorxPpvbQO7_P_C9N1Ciwg
BU20701225,2019-04-01,The Village Grind,ZBcorH9DX6SyVN0J0xKz3A,https://s3-media1.fl.yelpcdn.com/bphoto/DnJLRz4lhDHeIv_wye2PSw/o.jpg,True,False,443 E 1st St,Long Beach,CA,US,90802,$,4.0,386,['pickup'],https://www.yelp.com/biz/the-village-grind-long-beach?adjust_creative=OorxPpvbQO7_P_C9N1Ciwg&utm_campaign=yelp_api_v3&utm_medium=api_v3_business_lookup&utm_source=OorxPpvbQO7_P_C9N1Ciwg
BU20420170,2019-04-01,Camden Harbor View,gpCdty2lkaa7rUwh2s-L0w,https://s3-media2.fl.yelpcdn.com/bphoto/yqCZ7s-6lsJpvpImtQuQgA/o.jpg,True,False,40 Cedar Walk,Long Beach,CA,US,90802,,4.0,166,[],https://www.yelp.com/biz/camden-harbor-view-long-beach?adjust_creative=OorxPpvbQO7_P_C9N1Ciwg&utm_campaign=yelp_api_v3&utm_medium=api_v3_business_lookup&utm_source=OorxPpvbQO7_P_C9N1Ciwg
BU20420180,2019-04-01,Camden Harbor View,gpCdty2lkaa7rUwh2s-L0w,https://s3-media2.fl.yelpcdn.com/bphoto/yqCZ7s-6lsJpvpImtQuQgA/o.jpg,True,False,40 Cedar Walk,Long Beach,CA,US,90802,,4.0,166,[],https://www.yelp.com/biz/camden-harbor-view-long-beach?adjust_creative=OorxPpvbQO7_P_C9N1Ciwg&utm_campaign=yelp_api_v3&utm_medium=api_v3_business_lookup&utm_source=OorxPpvbQO7_P_C9N1Ciwg
BU20719190,2019-04-01,Garcia & Artigliere,NeHKdW1Q9wfiHYCP78QygQ,https://s3-media1.fl.yelpcdn.com/bphoto/afMK1KADjExQR6Zl8ETGdA/o.jpg,True,False,1 World Trade Ctr,Long Beach,CA,US,90831,,3.0,6,[],https://www.yelp.com/biz/garcia-and-artigliere-long-beach?adjust_creative=OorxPpvbQO7_P_C9N1Ciwg&utm_campaign=yelp_api_v3&utm_medium=api_v3_business_lookup&utm_source=OorxPpvbQO7_P_C9N1Ciwg
BU04042640,2019-04-01,Family Pharmacy,fCgS0mkLZSv_AQ56otHLPA,https://s3-media2.fl.yelpcdn.com/bphoto/r3USVKRC-xjEUF_brM_5ng/o.jpg,True,False,1400 Atlantic Ave,Long Beach,CA,US,90813,$$,3.5,14,[],https://www.yelp.com/biz/family-pharmacy-long-beach?adjust_creative=OorxPpvbQO7_P_C9N1Ciwg&utm_campaign=yelp_api_v3&utm_medium=api_v3_business_lookup&utm_source=OorxPpvbQO7_P_C9N1Ciwg
BU20422958,2019-04-01,Victorious Barber Studio,dSIN9eQrjDqzHV7GhxFbBw,https://s3-media2.fl.yelpcdn.com/bphoto/OiPGFNFOCfcIzimQaqrTmg/o.jpg,True,False,426 E 1st St,Long Beach,CA,US,90802,$,3.5,39,[],https://www.yelp.com/biz/victorious-barber-studio-long-beach?adjust_creative=OorxPpvbQO7_P_C9N1Ciwg&utm_campaign=yelp_api_v3&utm_medium=api_v3_business_lookup&utm_source=OorxPpvbQO7_P_C9N1Ciwg
BU20636840,2019-04-01,CVS Pharmacy,FnF7TyiIjIuTUOCktrY1og,https://s3-media1.fl.yelpcdn.com/bphoto/2_KBaGQCJdjwNFb5DU1oaA/o.jpg,True,False,596 Long Beach Blvd,Long Beach,CA,US,90802,$$,2.5,47,[],https://www.yelp.com/biz/cvs-pharmacy-long-beach-15?adjust_creative=OorxPpvbQO7_P_C9N1Ciwg&utm_campaign=yelp_api_v3&utm_medium=api_v3_business_lookup&utm_source=OorxPpvbQO7_P_C9N1Ciwg
BU20520070,2019-04-01,The Funnel House,5uyteD0JnJBh8n9ti3Mzlg,https://s3-media2.fl.yelpcdn.com/bphoto/oCDRfEZCqmLdOm_mYLhT4A/o.jpg,True,False,425 Shoreline Village Dr,Long Beach,CA,US,90802,$,4.0,292,[],https://www.yelp.com/biz/the-funnel-house-long-beach?adjust_creative=OorxPpvbQO7_P_C9N1Ciwg&utm_campaign=yelp_api_v3&utm_medium=api_v3_business_lookup&utm_source=OorxPpvbQO7_P_C9N1Ciwg
BU20408990,2019-04-01,Premier Business Centers,46VM2JYlPTyOfLwwlfz0Cg,https://s3-media2.fl.yelpcdn.com/bphoto/6T-dD37bTgF-dLH-5CbxOQ/o.jpg,True,False,444 W Ocean Blvd,Long Beach,CA,US,90802,,4.0,1,[],https://www.yelp.com/biz/premier-business-centers-long-beach?adjust_creative=OorxPpvbQO7_P_C9N1Ciwg&utm_campaign=yelp_api_v3&utm_medium=api_v3_business_lookup&utm_source=OorxPpvbQO7_P_C9N1Ciwg
BU20546530,2019-04-01,Antonio's Barber Supply,7SI4BB_2mI_CgeRUlnG3ng,https://s3-media1.fl.yelpcdn.com/bphoto/uKKj4GE7moXSFfpkyGdNjw/o.jpg,True,False,742 Pine Ave,Long Beach,CA,US,90813,$,4.5,17,[],https://www.yelp.com/biz/antonios-barber-supply-long-beach-2?adjust_creative=OorxPpvbQO7_P_C9N1Ciwg&utm_campaign=yelp_api_v3&utm_medium=api_v3_business_lookup&utm_source=OorxPpvbQO7_P_C9N1Ciwg
BU20213750,2019-04-01,Minuteman Press of Long Beach,FoEbSFJndD_q8aVgJkAgeg,https://s3-media2.fl.yelpcdn.com/bphoto/Nnq9t8RVRJzbFRWIPuZ_Dg/o.jpg,True,False,137 W 5th St,Long Beach,CA,US,90802,,4.5,32,[],https://www.yelp.com/biz/minuteman-press-of-long-beach-long-beach?adjust_creative=OorxPpvbQO7_P_C9N1Ciwg&utm_campaign=yelp_api_v3&utm_medium=api_v3_business_lookup&utm_source=OorxPpvbQO7_P_C9N1Ciwg
BU20036540,2019-04-01,Rent-A-Center,cD1B-XhU01sG3Ref3cwsdA,,False,False,605 E Anaheim St,Long Beach,CA,US,90813,,2.0,8,[],https://www.yelp.com/biz/rent-a-center-long-beach-4?adjust_creative=OorxPpvbQO7_P_C9N1Ciwg&utm_campaign=yelp_api_v3&utm_medium=api_v3_business_lookup&utm_source=OorxPpvbQO7_P_C9N1Ciwg
BU20604240,2019-04-01,First Class Auto,vW1rTItfCDpXufLN7BK0MA,,False,False,1400 Long Beach Blvd,Long Beach,CA,US,90813,,5.0,1,[],https://www.yelp.com/biz/first-class-auto-long-beach?adjust_creative=OorxPpvbQO7_P_C9N1Ciwg&utm_campaign=yelp_api_v3&utm_medium=api_v3_business_lookup&utm_source=OorxPpvbQO7_P_C9N1Ciwg
BU06082440,2019-04-01,NeuroMedical Group,Ic96w_wAxrvSJSuX8tT_Vg,https://s3-media2.fl.yelpcdn.com/bphoto/SJ8Hf79ltKa6UBKpiqqgYA/o.jpg,True,False,1045 Atlantic Ave,Long Beach,CA,US,90813,,5.0,6,[],https://www.yelp.com/biz/neuromedical-group-long-beach?adjust_creative=OorxPpvbQO7_P_C9N1Ciwg&utm_campaign=yelp_api_v3&utm_medium=api_v3_business_lookup&utm_source=OorxPpvbQO7_P_C9N1Ciwg
BU20613160,2019-04-01,Shutts Fabricators,WCMTH5oDTus8M8LkpV_Quw,https://s3-media3.fl.yelpcdn.com/bphoto/FOoQdnsqtlzo_wD7Al81tA/o.jpg,True,False,1632 W 15th St,Long Beach,CA,US,90813,,4.0,5,[],https://www.yelp.com/biz/shutts-fabricators-long-beach-2?adjust_creative=OorxPpvbQO7_P_C9N1Ciwg&utm_campaign=yelp_api_v3&utm_medium=api_v3_business_lookup&utm_source=OorxPpvbQO7_P_C9N1Ciwg
BU20521921,2019-04-01,Maru Maki Sushi,stEX2m8JDX9b3waEXqiKsA,https://s3-media1.fl.yelpcdn.com/bphoto/byn2gSuL4FKPcs-gvO664A/o.jpg,True,False,745 E Broadway,Long Beach,CA,US,90802,$$,4.0,979,"['delivery', 'pickup']",https://www.yelp.com/biz/maru-maki-sushi-long-beach-4?adjust_creative=OorxPpvbQO7_P_C9N1Ciwg&utm_campaign=yelp_api_v3&utm_medium=api_v3_business_lookup&utm_source=OorxPpvbQO7_P_C9N1Ciwg
BU20326390,2019-04-01,Johnny Rockets,upZZD6bby2CakpQcTDOSkQ,https://s3-media3.fl.yelpcdn.com/bphoto/YgCec05Dk_K_4Adv4P1tKA/o.jpg,True,False,245 Pine Ave,Long Beach,CA,US,90802,$,2.5,180,"['delivery', 'pickup']",https://www.yelp.com/biz/johnny-rockets-long-beach?adjust_creative=OorxPpvbQO7_P_C9N1Ciwg&utm_campaign=yelp_api_v3&utm_medium=api_v3_business_lookup&utm_source=OorxPpvbQO7_P_C9N1Ciwg
BU20607180,2019-04-01,Fitness Chiropractic & Massage Therapy,4A3vYtkyU8mVcS01lqiT-g,https://s3-media4.fl.yelpcdn.com/bphoto/7un4tgH78oVw4nkx5Z77VA/o.jpg,True,False,100 Oceangate Blvd,Long Beach,CA,US,90802,,5.0,16,[],https://www.yelp.com/biz/fitness-chiropractic-and-massage-therapy-long-beach?adjust_creative=OorxPpvbQO7_P_C9N1Ciwg&utm_campaign=yelp_api_v3&utm_medium=api_v3_business_lookup&utm_source=OorxPpvbQO7_P_C9N1Ciwg
BU20635850,2019-04-01,Nathan E Lavid MD,RjJCdT5GShqjSDixRMw-xA,,False,False,834 E 4th St,Long Beach,CA,US,90802,,3.5,5,[],https://www.yelp.com/biz/nathan-e-lavid-md-long-beach?adjust_creative=OorxPpvbQO7_P_C9N1Ciwg&utm_campaign=yelp_api_v3&utm_medium=api_v3_business_lookup&utm_source=OorxPpvbQO7_P_C9N1Ciwg
BU20704730,2019-04-01,Poly Burger,r7acYxv6TbJEFzbVi4wOsA,https://s3-media2.fl.yelpcdn.com/bphoto/ktPH5FA8HuEWOVdvd8KVlg/o.jpg,False,False,1460 Atlantic Ave,Long Beach,CA,US,90813,$,4.0,74,[],https://www.yelp.com/biz/poly-burger-long-beach?adjust_creative=OorxPpvbQO7_P_C9N1Ciwg&utm_campaign=yelp_api_v3&utm_medium=api_v3_business_lookup&utm_source=OorxPpvbQO7_P_C9N1Ciwg
BU20608350,2019-04-01,Cafe Sevilla,NLeDDTBDsR0pHFyqC2zgcw,https://s3-media1.fl.yelpcdn.com/bphoto/Aci6o47gimWwqz_o_Nq7wQ/o.jpg,True,False,140 Pine Ave,Long Beach,CA,US,90802,$$,4.0,1820,"['pickup', 'restaurant_reservation', 'delivery']",https://www.yelp.com/biz/cafe-sevilla-long-beach-5?adjust_creative=OorxPpvbQO7_P_C9N1Ciwg&utm_campaign=yelp_api_v3&utm_medium=api_v3_business_lookup&utm_source=OorxPpvbQO7_P_C9N1Ciwg
BU20621560,2019-04-01,Clancy's,TxDrARDjYtDU4aG1p7Vhng,https://s3-media1.fl.yelpcdn.com/bphoto/xHSBUswTABGd8_tIo6_QoQ/o.jpg,True,False,803 E Broadway,Long Beach,CA,US,90802,$$,3.5,175,"['delivery', 'pickup']",https://www.yelp.com/biz/clancys-long-beach?adjust_creative=OorxPpvbQO7_P_C9N1Ciwg&utm_campaign=yelp_api_v3&utm_medium=api_v3_business_lookup&utm_source=OorxPpvbQO7_P_C9N1Ciwg
BU20556130,2019-04-01,Tokyo Wako,R6iCOOL2f1A4AU3VxMtC1A,https://s3-media1.fl.yelpcdn.com/bphoto/KqcaSkc5F77GL1TdoZJwTQ/o.jpg,True,False,310 S Pine Ave,Long Beach,CA,US,90899,$$,3.0,481,[],https://www.yelp.com/biz/tokyo-wako-long-beach?adjust_creative=OorxPpvbQO7_P_C9N1Ciwg&utm_campaign=yelp_api_v3&utm_medium=api_v3_business_lookup&utm_source=OorxPpvbQO7_P_C9N1Ciwg
BU20440250,2019-04-01,84 Welding Shop,ZpfDepMMaeAze2i-wqRV1Q,,False,False,2129 W Anaheim St,Long Beach,CA,US,90813,,1.0,1,[],https://www.yelp.com/biz/84-welding-shop-long-beach?adjust_creative=OorxPpvbQO7_P_C9N1Ciwg&utm_campaign=yelp_api_v3&utm_medium=api_v3_business_lookup&utm_source=OorxPpvbQO7_P_C9N1Ciwg
BU20566330,2019-04-01,Harbor Custom Canvas,HBTASycuiaW1DhGggvipxg,https://s3-media2.fl.yelpcdn.com/bphoto/RWixL_EgJqXyiIxHO3v_Sg/o.jpg,True,False,733 W Anaheim St,Long Beach,CA,US,90813,,3.5,7,[],https://www.yelp.com/biz/harbor-custom-canvas-long-beach?adjust_creative=OorxPpvbQO7_P_C9N1Ciwg&utm_campaign=yelp_api_v3&utm_medium=api_v3_business_lookup&utm_source=OorxPpvbQO7_P_C9N1Ciwg
BU20042410,2019-04-01,Inn of Long Beach,cy6unS2sOWB7j0XjNd-8oA,https://s3-media3.fl.yelpcdn.com/bphoto/ZeItcOtNnxgbSyfQ7pIiLg/o.jpg,True,False,185 Atlantic Ave,Long Beach,CA,US,90802,$$,2.5,48,[],https://www.yelp.com/biz/inn-of-long-beach-long-beach?adjust_creative=OorxPpvbQO7_P_C9N1Ciwg&utm_campaign=yelp_api_v3&utm_medium=api_v3_business_lookup&utm_source=OorxPpvbQO7_P_C9N1Ciwg
BU01023690,2019-04-01,Long Beach Rescue Mission,NAqsR0gFc1EWRFwH2ahtng,https://s3-media2.fl.yelpcdn.com/bphoto/odQzVz9WNEQe04MCc2IUVg/o.jpg,True,False,1430 Pacific Ave,Long Beach,CA,US,90813,,4.5,16,[],https://www.yelp.com/biz/long-beach-rescue-mission-long-beach?adjust_creative=OorxPpvbQO7_P_C9N1Ciwg&utm_campaign=yelp_api_v3&utm_medium=api_v3_business_lookup&utm_source=OorxPpvbQO7_P_C9N1Ciwg
BU20642200,2019-04-01,Pacific Plantscaping,5QJyeRu1I_amxHDRMtzvSg,https://s3-media1.fl.yelpcdn.com/bphoto/D7su0ZF9wExCpSVUEObn6Q/o.jpg,True,False,,Long Beach,CA,US,90802,,4.5,8,[],https://www.yelp.com/biz/pacific-plantscaping-long-beach-6?adjust_creative=OorxPpvbQO7_P_C9N1Ciwg&utm_campaign=yelp_api_v3&utm_medium=api_v3_business_lookup&utm_source=OorxPpvbQO7_P_C9N1Ciwg
BU20147760,2019-04-01,All American Towing & Impound,YWa4TTjPFrVZ8xAexyymOQ,https://s3-media2.fl.yelpcdn.com/bphoto/OfMP9_r_tIoR0w_y9rW7kA/o.jpg,True,False,1752 Cota Ave,Long Beach,CA,US,90813,,4.5,6,[],https://www.yelp.com/biz/all-american-towing-and-impound-long-beach?adjust_creative=OorxPpvbQO7_P_C9N1Ciwg&utm_campaign=yelp_api_v3&utm_medium=api_v3_business_lookup&utm_source=OorxPpvbQO7_P_C9N1Ciwg
BU20220880,2019-04-01,El Taco Loco No 3,VVvh13_YwQr1WkYSgFu_-w,https://s3-media4.fl.yelpcdn.com/bphoto/MV4EKn-1DBHlo9MfhqCDfA/o.jpg,True,False,1465 Magnolia Ave,Long Beach,CA,US,90813,$,4.0,258,['pickup'],https://www.yelp.com/biz/el-taco-loco-no-3-long-beach?adjust_creative=OorxPpvbQO7_P_C9N1Ciwg&utm_campaign=yelp_api_v3&utm_medium=api_v3_business_lookup&utm_source=OorxPpvbQO7_P_C9N1Ciwg
BU20620710,2019-04-01,Viet Long Immigration & Income Tax,ZIZ4GPt3IlvZPnI3SvmVqw,https://s3-media2.fl.yelpcdn.com/bphoto/ufo5z_GucXE1QYhwyXBNhQ/o.jpg,False,False,831 E Anaheim St,Long Beach,CA,US,90813,,4.0,4,[],https://www.yelp.com/biz/viet-long-immigration-and-income-tax-long-beach?adjust_creative=OorxPpvbQO7_P_C9N1Ciwg&utm_campaign=yelp_api_v3&utm_medium=api_v3_business_lookup&utm_source=OorxPpvbQO7_P_C9N1Ciwg
BU20722390,2019-04-01,Enjoy Hair & Nail,_3kBIgRFgAGU5p_I2AI6Ew,https://s3-media2.fl.yelpcdn.com/bphoto/7zTygkQu2YmjRf5p8voKNg/o.jpg,True,False,1236 Long Beach Blvd,Long Beach,CA,US,90813,$$,4.0,15,[],https://www.yelp.com/biz/enjoy-hair-and-nail-long-beach?adjust_creative=OorxPpvbQO7_P_C9N1Ciwg&utm_campaign=yelp_api_v3&utm_medium=api_v3_business_lookup&utm_source=OorxPpvbQO7_P_C9N1Ciwg
BU20712070,2019-04-01,Monica's Bakery,p_8c6kYolC5Wt_ylELK_Fg,https://s3-media2.fl.yelpcdn.com/bphoto/mH8NECO2TMXHs9zb8lFqkw/o.jpg,False,False,133 W Anaheim St,Long Beach,CA,US,90813,$,3.5,23,[],https://www.yelp.com/biz/monicas-bakery-long-beach?adjust_creative=OorxPpvbQO7_P_C9N1Ciwg&utm_campaign=yelp_api_v3&utm_medium=api_v3_business_lookup&utm_source=OorxPpvbQO7_P_C9N1Ciwg
BU20031320,2019-04-01,Nissi Beauty Salon,300vlsOhKG8APYcJxT0Rqw,https://s3-media1.fl.yelpcdn.com/bphoto/VMT9GaWj_miuovzboWFmJg/o.jpg,True,False,220 Atlantic Ave,Long Beach,CA,US,90802,,5.0,4,[],https://www.yelp.com/biz/nissi-beauty-salon-long-beach?adjust_creative=OorxPpvbQO7_P_C9N1Ciwg&utm_campaign=yelp_api_v3&utm_medium=api_v3_business_lookup&utm_source=OorxPpvbQO7_P_C9N1Ciwg
BU20330720,2019-04-01,Tugboat Pete's Hot Dog Stand,N61xDk9az-U6VF2SpXQTiw,https://s3-media1.fl.yelpcdn.com/bphoto/CKQ7rRN0vsePhJXZsad5Dw/o.jpg,False,False,421 Shoreline Village Dr,Long Beach,CA,US,90802,$,4.0,20,[],https://www.yelp.com/biz/tugboat-petes-hot-dog-stand-long-beach?adjust_creative=OorxPpvbQO7_P_C9N1Ciwg&utm_campaign=yelp_api_v3&utm_medium=api_v3_business_lookup&utm_source=OorxPpvbQO7_P_C9N1Ciwg
BU20461120,2019-04-01,European Auto Garage,416umqvL8TH99jeVMywNJw,https://s3-media3.fl.yelpcdn.com/bphoto/xi-44ZAdENDvgP2BDAcHDQ/o.jpg,True,False,820 E 3rd St,Long Beach,CA,US,90802,,3.0,29,[],https://www.yelp.com/biz/european-auto-garage-long-beach?adjust_creative=OorxPpvbQO7_P_C9N1Ciwg&utm_campaign=yelp_api_v3&utm_medium=api_v3_business_lookup&utm_source=OorxPpvbQO7_P_C9N1Ciwg
BU20710490,2019-04-01,Mariscos Las Islitas,kUhQTuMocIxkfVMGOo79YQ,https://s3-media2.fl.yelpcdn.com/bphoto/jRdoRBv6ewvKmKZ4G5SCyg/o.jpg,True,False,1585 Santa Fe Ave,Long Beach,CA,US,90813,$$,4.0,63,"['pickup', 'delivery']",https://www.yelp.com/biz/mariscos-las-islitas-long-beach?adjust_creative=OorxPpvbQO7_P_C9N1Ciwg&utm_campaign=yelp_api_v3&utm_medium=api_v3_business_lookup&utm_source=OorxPpvbQO7_P_C9N1Ciwg
BU20712330,2019-04-01,T & Y Travel & Tax Services,Ih6nskEgPCLEtZJD_ovhsg,,False,False,639 E 7th St,Long Beach,CA,US,90813,,1.0,1,[],https://www.yelp.com/biz/t-and-y-travel-and-tax-services-long-beach?adjust_creative=OorxPpvbQO7_P_C9N1Ciwg&utm_campaign=yelp_api_v3&utm_medium=api_v3_business_lookup&utm_source=OorxPpvbQO7_P_C9N1Ciwg
BU20562980,2019-04-01,Long Beach Dairy  Liquor,yXMROmcmuYET5YLWuotsAQ,,False,False,725 E 4th St,Long Beach,CA,US,90802,$$,5.0,2,[],https://www.yelp.com/biz/long-beach-dairy-liquor-long-beach?adjust_creative=OorxPpvbQO7_P_C9N1Ciwg&utm_campaign=yelp_api_v3&utm_medium=api_v3_business_lookup&utm_source=OorxPpvbQO7_P_C9N1Ciwg
BU20648350,2019-04-01,Best Western Plus Hotel at the Convention Center,wsXGe0o1SWkCcHGqG9yx5g,https://s3-media3.fl.yelpcdn.com/bphoto/Uqj9DN5AeHVKLmmWYfFjRA/o.jpg,True,False,517 E 1st St,Long Beach,CA,US,90802,$$,3.0,109,[],https://www.yelp.com/biz/best-western-plus-hotel-at-the-convention-center-long-beach?adjust_creative=OorxPpvbQO7_P_C9N1Ciwg&utm_campaign=yelp_api_v3&utm_medium=api_v3_business_lookup&utm_source=OorxPpvbQO7_P_C9N1Ciwg
BU20562150,2019-04-01,Quality Eye Care Optometry,liRai2hGbQR1F5ZL3AXQ3w,https://s3-media2.fl.yelpcdn.com/bphoto/TdlUwDHkiV7Ya_n-Z6uRog/o.jpg,True,False,619 Pine Ave,Long Beach,CA,US,90802,,4.5,46,[],https://www.yelp.com/biz/quality-eye-care-optometry-long-beach?adjust_creative=OorxPpvbQO7_P_C9N1Ciwg&utm_campaign=yelp_api_v3&utm_medium=api_v3_business_lookup&utm_source=OorxPpvbQO7_P_C9N1Ciwg
BU02038000,2019-04-01,Wayne Electric,trZsNG8YdPaopE9bIc2QtA,https://s3-media2.fl.yelpcdn.com/bphoto/mvCcpNnzyTdnmuJIUvPbgA/o.jpg,True,False,1560 W Anaheim St,Long Beach,CA,US,90813,,4.0,17,[],https://www.yelp.com/biz/wayne-electric-long-beach?adjust_creative=OorxPpvbQO7_P_C9N1Ciwg&utm_campaign=yelp_api_v3&utm_medium=api_v3_business_lookup&utm_source=OorxPpvbQO7_P_C9N1Ciwg
BU20351281,2019-04-01,Taqueria La Mexicana,fCa2Sodwy6bLl95B9h2UJw,https://s3-media3.fl.yelpcdn.com/bphoto/qQ9d-vnOf84LbaljsxLfNQ/o.jpg,False,False,1490 Santa Fe Ave,Long Beach,CA,US,90813,$,4.5,24,[],https://www.yelp.com/biz/taqueria-la-mexicana-long-beach-2?adjust_creative=OorxPpvbQO7_P_C9N1Ciwg&utm_campaign=yelp_api_v3&utm_medium=api_v3_business_lookup&utm_source=OorxPpvbQO7_P_C9N1Ciwg
BU20539570,2019-04-01,Superior Electrical Advertising,QnNwwDCtj0F82M5LKG0yBg,https://s3-media3.fl.yelpcdn.com/bphoto/JUvjcqE_iNaHZUmi57Bawg/o.jpg,True,False,1700 W Anaheim St,Long Beach,CA,US,90813,,1.0,1,[],https://www.yelp.com/biz/superior-electrical-advertising-long-beach-2?adjust_creative=OorxPpvbQO7_P_C9N1Ciwg&utm_campaign=yelp_api_v3&utm_medium=api_v3_business_lookup&utm_source=OorxPpvbQO7_P_C9N1Ciwg
BU20343840,2019-04-01,Ice Cream & Frozen Yogurt On the Boardwalk,ot-C-O5HBLZR22LXFXUwzA,https://s3-media2.fl.yelpcdn.com/bphoto/1-dvgIT_yS64g2tqg4OE5w/o.jpg,True,False,429 Shoreline Village Dr,Long Beach,CA,US,90802,$,3.0,54,[],https://www.yelp.com/biz/ice-cream-and-frozen-yogurt-on-the-boardwalk-long-beach?adjust_creative=OorxPpvbQO7_P_C9N1Ciwg&utm_campaign=yelp_api_v3&utm_medium=api_v3_business_lookup&utm_source=OorxPpvbQO7_P_C9N1Ciwg
BU00067410,2019-04-01,Santa Fe Importers - Long Beach,lsUY8jKY8MbgtxPIEPK43g,https://s3-media1.fl.yelpcdn.com/bphoto/LIvw6jfkN-Ar8x2USGHELg/o.jpg,True,False,1401 Santa Fe Ave,Long Beach,CA,US,90813,$,4.5,280,[],https://www.yelp.com/biz/santa-fe-importers-long-beach-long-beach-4?adjust_creative=OorxPpvbQO7_P_C9N1Ciwg&utm_campaign=yelp_api_v3&utm_medium=api_v3_business_lookup&utm_source=OorxPpvbQO7_P_C9N1Ciwg
BU20203251,2019-04-01,Goat Hill Classics,pzEscNZlU98VMrCn63uF1g,,False,False,2037 W 16th St,Long Beach,CA,US,90813,,1.0,3,[],https://www.yelp.com/biz/goat-hill-classics-long-beach?adjust_creative=OorxPpvbQO7_P_C9N1Ciwg&utm_campaign=yelp_api_v3&utm_medium=api_v3_business_lookup&utm_source=OorxPpvbQO7_P_C9N1Ciwg
BU21519410,2019-04-01,Quantum Sails So Cal,5GXCLoc3PcM5XkwXjukPig,https://s3-media4.fl.yelpcdn.com/bphoto/Ldz8iY5W6RCduaxp_LFOBQ/o.jpg,True,False,1620 Cowles St,Long Beach,CA,US,90813,,5.0,2,[],https://www.yelp.com/biz/quantum-sails-so-cal-long-beach?adjust_creative=OorxPpvbQO7_P_C9N1Ciwg&utm_campaign=yelp_api_v3&utm_medium=api_v3_business_lookup&utm_source=OorxPpvbQO7_P_C9N1Ciwg
BU97037700,2019-04-01,Industrial Tire Service,iaeWzDEHDXvJjLDITYPHmw,https://s3-media4.fl.yelpcdn.com/bphoto/x3QpTo1ESyf0qYFCIgJjTw/o.jpg,True,False,2020 W 16th St,Long Beach,CA,US,90813,,5.0,15,[],https://www.yelp.com/biz/industrial-tire-service-long-beach?adjust_creative=OorxPpvbQO7_P_C9N1Ciwg&utm_campaign=yelp_api_v3&utm_medium=api_v3_business_lookup&utm_source=OorxPpvbQO7_P_C9N1Ciwg
BU21513820,2019-04-01,Smile For The Birdie,z28hc-TL7A7AW2zUddWbXA,https://s3-media4.fl.yelpcdn.com/bphoto/sVyiSYwWEeVTAmtUD549ww/o.jpg,True,False,423 Shoreline Village Dr,Long Beach,CA,US,90802,,5.0,14,[],https://www.yelp.com/biz/smile-for-the-birdie-long-beach?adjust_creative=OorxPpvbQO7_P_C9N1Ciwg&utm_campaign=yelp_api_v3&utm_medium=api_v3_business_lookup&utm_source=OorxPpvbQO7_P_C9N1Ciwg
BU21512640,2019-04-01,Rocket Oil 4,X0nxYHvRu1Cq0Jl5CeVGWw,https://s3-media3.fl.yelpcdn.com/bphoto/tnrD3jqhASwpSo-O6GgqNw/o.jpg,False,False,1701 W Anaheim St,Long Beach,CA,US,90813,,4.5,6,[],https://www.yelp.com/biz/rocket-oil-4-long-beach?adjust_creative=OorxPpvbQO7_P_C9N1Ciwg&utm_campaign=yelp_api_v3&utm_medium=api_v3_business_lookup&utm_source=OorxPpvbQO7_P_C9N1Ciwg
BU21511570,2019-04-01,Cameron Welding Supply,pjJB7MgYcHakEIWY_2TXTw,https://s3-media1.fl.yelpcdn.com/bphoto/QcefTDzGoJ2kxMoy8Q-lyw/o.jpg,True,False,1690 Cota Ave,Long Beach,CA,US,90813,,4.5,8,[],https://www.yelp.com/biz/cameron-welding-supply-long-beach?adjust_creative=OorxPpvbQO7_P_C9N1Ciwg&utm_campaign=yelp_api_v3&utm_medium=api_v3_business_lookup&utm_source=OorxPpvbQO7_P_C9N1Ciwg
BU21502920,2019-04-01,Shoreline Grill & Pub,CJYiD0q9tR4nSf2Plo-XwQ,https://s3-media1.fl.yelpcdn.com/bphoto/98qBHwzzq3i1hjM13QyHMA/o.jpg,True,True,429 H Shoreline Village Dr,Long Beach,CA,US,90802,$$,2.0,24,[],https://www.yelp.com/biz/shoreline-grill-and-pub-long-beach?adjust_creative=OorxPpvbQO7_P_C9N1Ciwg&utm_campaign=yelp_api_v3&utm_medium=api_v3_business_lookup&utm_source=OorxPpvbQO7_P_C9N1Ciwg
BU21228980,2019-04-01,Shenanigans Irish Pub & Grille,g0ZLQaNPrmmAsMKYTP1CXQ,https://s3-media2.fl.yelpcdn.com/bphoto/AZIzKuw0iPD4Hda6vAwHCw/o.jpg,True,False,423 Shoreline Village Dr,Long Beach,CA,US,90802,$$,3.5,423,"['pickup', 'delivery']",https://www.yelp.com/biz/shenanigans-irish-pub-and-grille-long-beach?adjust_creative=OorxPpvbQO7_P_C9N1Ciwg&utm_campaign=yelp_api_v3&utm_medium=api_v3_business_lookup&utm_source=OorxPpvbQO7_P_C9N1Ciwg
BU21220380,2019-04-01,Bud's Submarine,6DSqqeXrDEro87MRUkoJ1w,https://s3-media3.fl.yelpcdn.com/bphoto/5F2_BfgWs8feFminoZvQLQ/o.jpg,False,True,1445 Santa Fe Ave,Long Beach,CA,US,90813,$,4.0,27,[],https://www.yelp.com/biz/buds-submarine-long-beach?adjust_creative=OorxPpvbQO7_P_C9N1Ciwg&utm_campaign=yelp_api_v3&utm_medium=api_v3_business_lookup&utm_source=OorxPpvbQO7_P_C9N1Ciwg
BU21501270,2019-04-01,Raindance,pkaJPbpWAoeQPWM3Knke6g,https://s3-media2.fl.yelpcdn.com/bphoto/txeXLYR7zifSZBHXAXWyIw/o.jpg,True,False,419 Shoreline Village Dr,Long Beach,CA,US,90802,$$,4.0,4,[],https://www.yelp.com/biz/raindance-long-beach?adjust_creative=OorxPpvbQO7_P_C9N1Ciwg&utm_campaign=yelp_api_v3&utm_medium=api_v3_business_lookup&utm_source=OorxPpvbQO7_P_C9N1Ciwg
BU21418260,2019-04-01,Kabala Tires,DI2jVCKd7HSCwenTUNMwkA,https://s3-media2.fl.yelpcdn.com/bphoto/dcZe8dnvki1E1ZArY2qlcQ/o.jpg,True,False,1679 W 9th St,Long Beach,CA,US,90813,,3.5,3,[],https://www.yelp.com/biz/kabala-tires-long-beach?adjust_creative=OorxPpvbQO7_P_C9N1Ciwg&utm_campaign=yelp_api_v3&utm_medium=api_v3_business_lookup&utm_source=OorxPpvbQO7_P_C9N1Ciwg
BU21126510,2019-04-01,West Coast Sandblasting,TvIlXVhlrZpu9rCYhiYqyg,https://s3-media1.fl.yelpcdn.com/bphoto/2w4c4Q2Vjtshpql255wA-g/o.jpg,True,False,1516 Hayes Ave,Long Beach,CA,US,90813,,5.0,1,[],https://www.yelp.com/biz/west-coast-sandblasting-long-beach?adjust_creative=OorxPpvbQO7_P_C9N1Ciwg&utm_campaign=yelp_api_v3&utm_medium=api_v3_business_lookup&utm_source=OorxPpvbQO7_P_C9N1Ciwg
BU20911550,2019-04-01,Residence Inn by Marriott Long Beach Downtown,0V3KGp2_icCjL_e9rRYxyQ,https://s3-media4.fl.yelpcdn.com/bphoto/VNrU1zbbKwuc4TgFucfa-Q/o.jpg,True,False,600 Queensway Dr,Long Beach,CA,US,90802,$$,4.0,153,[],https://www.yelp.com/biz/residence-inn-long-beach-downtown-long-beach-2?adjust_creative=OorxPpvbQO7_P_C9N1Ciwg&utm_campaign=yelp_api_v3&utm_medium=api_v3_business_lookup&utm_source=OorxPpvbQO7_P_C9N1Ciwg
BU20911560,2019-04-01,Residence Inn by Marriott Long Beach Downtown,0V3KGp2_icCjL_e9rRYxyQ,https://s3-media4.fl.yelpcdn.com/bphoto/VNrU1zbbKwuc4TgFucfa-Q/o.jpg,True,False,600 Queensway Dr,Long Beach,CA,US,90802,$$,4.0,153,[],https://www.yelp.com/biz/residence-inn-long-beach-downtown-long-beach-2?adjust_creative=OorxPpvbQO7_P_C9N1Ciwg&utm_campaign=yelp_api_v3&utm_medium=api_v3_business_lookup&utm_source=OorxPpvbQO7_P_C9N1Ciwg
BU21226110,2019-04-01,All American Towing & Impound,YWa4TTjPFrVZ8xAexyymOQ,https://s3-media2.fl.yelpcdn.com/bphoto/OfMP9_r_tIoR0w_y9rW7kA/o.jpg,True,False,1752 Cota Ave,Long Beach,CA,US,90813,,4.5,6,[],https://www.yelp.com/biz/all-american-towing-and-impound-long-beach?adjust_creative=OorxPpvbQO7_P_C9N1Ciwg&utm_campaign=yelp_api_v3&utm_medium=api_v3_business_lookup&utm_source=OorxPpvbQO7_P_C9N1Ciwg
BU21117270,2019-04-01,C & C Towing,GVcXxuH88nvP0zFvrG2xCw,https://s3-media1.fl.yelpcdn.com/bphoto/H2gQGcnPyb0fEydQbge61w/o.jpg,True,False,,Long Beach,CA,US,90813,,2.5,8,[],https://www.yelp.com/biz/c-and-c-towing-long-beach-3?adjust_creative=OorxPpvbQO7_P_C9N1Ciwg&utm_campaign=yelp_api_v3&utm_medium=api_v3_business_lookup&utm_source=OorxPpvbQO7_P_C9N1Ciwg
BU21102720,2019-04-01,La Bonita Inn,3Ysj9q3ElIOyEySXfGwfAQ,https://s3-media3.fl.yelpcdn.com/bphoto/MSEePWg_nIjowEKm7xaP-A/o.jpg,True,False,1626 W Esther St,Long Beach,CA,US,90813,$,2.5,7,[],https://www.yelp.com/biz/la-bonita-inn-long-beach?adjust_creative=OorxPpvbQO7_P_C9N1Ciwg&utm_campaign=yelp_api_v3&utm_medium=api_v3_business_lookup&utm_source=OorxPpvbQO7_P_C9N1Ciwg
BU21129080,2019-04-01,Beto's Auto Body Shop,qhEsVxl3SDknFu31lJOgOg,https://s3-media1.fl.yelpcdn.com/bphoto/HA1y3gfNn_DpEkKg5AL-gw/o.jpg,True,False,1541 W 15th St,Long Beach,CA,US,90813,,4.0,8,[],https://www.yelp.com/biz/betos-auto-body-shop-long-beach?adjust_creative=OorxPpvbQO7_P_C9N1Ciwg&utm_campaign=yelp_api_v3&utm_medium=api_v3_business_lookup&utm_source=OorxPpvbQO7_P_C9N1Ciwg
BU21011230,2019-04-01,Cafe Dia,jZFONmfpcNOBSzEJ2lMWAA,https://s3-media2.fl.yelpcdn.com/bphoto/y-u5LWZalQultUzjjfM38w/o.jpg,True,True,429 Shoreline Village Dr,Long Beach,CA,US,90802,$$,3.0,89,['pickup'],https://www.yelp.com/biz/cafe-dia-long-beach?adjust_creative=OorxPpvbQO7_P_C9N1Ciwg&utm_campaign=yelp_api_v3&utm_medium=api_v3_business_lookup&utm_source=OorxPpvbQO7_P_C9N1Ciwg
BU95012320,2019-04-01,Dj Auto Body Parts,HXeSzZCm2t-CpT7bvwkldQ,https://s3-media2.fl.yelpcdn.com/bphoto/EbrSpOXzxaEIi8pEx8wu2w/o.jpg,True,False,1130 Santa Fe Ave,Long Beach,CA,US,90813,,4.5,9,[],https://www.yelp.com/biz/dj-auto-body-parts-long-beach?adjust_creative=OorxPpvbQO7_P_C9N1Ciwg&utm_campaign=yelp_api_v3&utm_medium=api_v3_business_lookup&utm_source=OorxPpvbQO7_P_C9N1Ciwg
BU21032520,2019-04-01,Birrieria Tepechi,YnNAx0M3sVwNO9S8wg_fiw,https://s3-media2.fl.yelpcdn.com/bphoto/oGJUwFT95U42DDQ2rakdQw/o.jpg,True,False,1440 Santa Fe Ave,Long Beach,CA,US,90813,$$,4.0,110,[],https://www.yelp.com/biz/birrieria-tepechi-long-beach?adjust_creative=OorxPpvbQO7_P_C9N1Ciwg&utm_campaign=yelp_api_v3&utm_medium=api_v3_business_lookup&utm_source=OorxPpvbQO7_P_C9N1Ciwg
BU96001040,2019-04-01,Rocky Mountain Chocolate Factory,h_matZLilkT01ewNrxSpdA,https://s3-media2.fl.yelpcdn.com/bphoto/sYs1xBpkV62gpkOF6pQG3w/o.jpg,True,False,419 Shoreline Village Dr,Long Beach,CA,US,90802,$$,2.5,43,[],https://www.yelp.com/biz/rocky-mountain-chocolate-factory-long-beach-2?adjust_creative=OorxPpvbQO7_P_C9N1Ciwg&utm_campaign=yelp_api_v3&utm_medium=api_v3_business_lookup&utm_source=OorxPpvbQO7_P_C9N1Ciwg
BU20903970,2019-04-01,Twisters & Coffee,bwf9Su7GKnGSuMN8icOvuQ,https://s3-media4.fl.yelpcdn.com/bphoto/bG4t_2MffkGfkdcsE0NCCg/o.jpg,False,False,419 Shoreline Village Dr,Long Beach,CA,US,90802,$$,2.5,25,[],https://www.yelp.com/biz/twisters-and-coffee-long-beach?adjust_creative=OorxPpvbQO7_P_C9N1Ciwg&utm_campaign=yelp_api_v3&utm_medium=api_v3_business_lookup&utm_source=OorxPpvbQO7_P_C9N1Ciwg
BU20732680,2019-04-01,Saga,x3AZmSs_8Elz6WjolbOlPw,https://s3-media1.fl.yelpcdn.com/bphoto/hfxQrhAusp3DdZRgqAMzhA/o.jpg,True,False,429-K Shoreline Village Dr,Long Beach,CA,US,90802,$$,4.0,13,[],https://www.yelp.com/biz/saga-long-beach-2?adjust_creative=OorxPpvbQO7_P_C9N1Ciwg&utm_campaign=yelp_api_v3&utm_medium=api_v3_business_lookup&utm_source=OorxPpvbQO7_P_C9N1Ciwg
BU98025200,2019-04-01,Jon's Body Shop,G8sTB8sH-F83pe2Y1VZJ8A,https://s3-media3.fl.yelpcdn.com/bphoto/G0t2_NWkF_JPVXF2Ck1rpA/o.jpg,False,False,1556 W 11th St,Long Beach,CA,US,90813,,5.0,4,[],https://www.yelp.com/biz/jons-body-shop-long-beach?adjust_creative=OorxPpvbQO7_P_C9N1Ciwg&utm_campaign=yelp_api_v3&utm_medium=api_v3_business_lookup&utm_source=OorxPpvbQO7_P_C9N1Ciwg
BU87030410,2019-04-01,Fiberglass Arts Body Shop,BAyZP1Fj8lvYibE0K_u8XQ,https://s3-media3.fl.yelpcdn.com/bphoto/zdDLaV597N51fEHjgWNbuA/o.jpg,True,False,1540 Canal Ave,Long Beach,CA,US,90813,,4.0,4,[],https://www.yelp.com/biz/fiberglass-arts-body-shop-long-beach?adjust_creative=OorxPpvbQO7_P_C9N1Ciwg&utm_campaign=yelp_api_v3&utm_medium=api_v3_business_lookup&utm_source=OorxPpvbQO7_P_C9N1Ciwg
BU94057481,2019-04-01,Shoreline Grill & Pub,CJYiD0q9tR4nSf2Plo-XwQ,https://s3-media1.fl.yelpcdn.com/bphoto/98qBHwzzq3i1hjM13QyHMA/o.jpg,True,True,429 H Shoreline Village Dr,Long Beach,CA,US,90802,$$,2.0,24,[],https://www.yelp.com/biz/shoreline-grill-and-pub-long-beach?adjust_creative=OorxPpvbQO7_P_C9N1Ciwg&utm_campaign=yelp_api_v3&utm_medium=api_v3_business_lookup&utm_source=OorxPpvbQO7_P_C9N1Ciwg
BU94065191,2019-04-01,Shoreline Village,O_lXKjPMXgLZyckRM3IwgA,https://s3-media2.fl.yelpcdn.com/bphoto/o_yOvxrqkNVm6hPh5xSrIA/o.jpg,True,False,401-435 Shoreline Village Dr,Long Beach,CA,US,90802,$$,4.0,176,[],https://www.yelp.com/biz/shoreline-village-long-beach-3?adjust_creative=OorxPpvbQO7_P_C9N1Ciwg&utm_campaign=yelp_api_v3&utm_medium=api_v3_business_lookup&utm_source=OorxPpvbQO7_P_C9N1Ciwg
BU94065201,2019-04-01,Shoreline Village,O_lXKjPMXgLZyckRM3IwgA,https://s3-media2.fl.yelpcdn.com/bphoto/o_yOvxrqkNVm6hPh5xSrIA/o.jpg,True,False,401-435 Shoreline Village Dr,Long Beach,CA,US,90802,$$,4.0,176,[],https://www.yelp.com/biz/shoreline-village-long-beach-3?adjust_creative=OorxPpvbQO7_P_C9N1Ciwg&utm_campaign=yelp_api_v3&utm_medium=api_v3_business_lookup&utm_source=OorxPpvbQO7_P_C9N1Ciwg
BU91009150,2019-04-01,Spirit Cruises,LicHUiCHCZlJNygt3wppOA,https://s3-media3.fl.yelpcdn.com/bphoto/SoFusD_ujQYwIamcL3S2TQ/o.jpg,True,False,429 Shoreline Village Dr,Long Beach,CA,US,90802,,3.5,25,[],https://www.yelp.com/biz/spirit-cruises-long-beach-2?adjust_creative=OorxPpvbQO7_P_C9N1Ciwg&utm_campaign=yelp_api_v3&utm_medium=api_v3_business_lookup&utm_source=OorxPpvbQO7_P_C9N1Ciwg
BU96020430,2019-04-01,Village Hat Shop,Me-AZBlxAyw5QMWgj-jNiA,https://s3-media1.fl.yelpcdn.com/bphoto/UAFFFavrqw-YqRqcY2m83A/o.jpg,True,False,429-A Shoreline Village Dr,Long Beach,CA,US,90802,$$,4.0,66,[],https://www.yelp.com/biz/village-hat-shop-long-beach-2?adjust_creative=OorxPpvbQO7_P_C9N1Ciwg&utm_campaign=yelp_api_v3&utm_medium=api_v3_business_lookup&utm_source=OorxPpvbQO7_P_C9N1Ciwg
BU97005870,2019-04-01,Hot Licks,6AsTOGZQDDyoDRwjuYCrAw,https://s3-media1.fl.yelpcdn.com/bphoto/qCU_8JvbyX8jym-2VQJLTQ/o.jpg,True,False,419 Shoreline Village Dr,Long Beach,CA,US,90802,$$,4.5,124,[],https://www.yelp.com/biz/hot-licks-long-beach?adjust_creative=OorxPpvbQO7_P_C9N1Ciwg&utm_campaign=yelp_api_v3&utm_medium=api_v3_business_lookup&utm_source=OorxPpvbQO7_P_C9N1Ciwg
BU21524339,2019-04-01,Wheel Fun Rentals - Shoreline Village,l-SoGUptKpajVSOEBVgUxA,https://s3-media3.fl.yelpcdn.com/bphoto/VoZZw4arakojzEzjbSkkzw/o.jpg,True,False,429 Shoreline Village Dr,Long Beach,CA,US,90802,,4.5,83,[],https://www.yelp.com/biz/wheel-fun-rentals-shoreline-village-long-beach?adjust_creative=OorxPpvbQO7_P_C9N1Ciwg&utm_campaign=yelp_api_v3&utm_medium=api_v3_business_lookup&utm_source=OorxPpvbQO7_P_C9N1Ciwg
BU21525244,2019-04-01,Ace of Paint's,tE8zC86zkzgQT543epIbvA,https://s3-media4.fl.yelpcdn.com/bphoto/Kq7K7WJ4djeIlMtVy7bDHw/o.jpg,False,False,1493 Cota Ave,Long Beach,CA,US,90813,,3.0,2,[],https://www.yelp.com/biz/ace-of-paints-long-beach?adjust_creative=OorxPpvbQO7_P_C9N1Ciwg&utm_campaign=yelp_api_v3&utm_medium=api_v3_business_lookup&utm_source=OorxPpvbQO7_P_C9N1Ciwg
BU21525767,2019-04-01,Sugar Daddies Sweet Shoppe,zw7yiKuHyi3cxXrsC5PPGQ,https://s3-media3.fl.yelpcdn.com/bphoto/fa7Pyfmhxd-Y9pr3W0DD1Q/o.jpg,True,False,429 Shoreline Village Dr,Long Beach,CA,US,90802,$,4.5,11,[],https://www.yelp.com/biz/sugar-daddies-sweet-shoppe-long-beach?adjust_creative=OorxPpvbQO7_P_C9N1Ciwg&utm_campaign=yelp_api_v3&utm_medium=api_v3_business_lookup&utm_source=OorxPpvbQO7_P_C9N1Ciwg
BU21703312,2019-04-01,Istanbul Home,YgeQQrM17-GNzywbGoqirg,https://s3-media3.fl.yelpcdn.com/bphoto/-lCnOmfW4yqZZYpUTikm2w/o.jpg,True,False,419 Shoreline Village Dr,Long Beach,CA,US,90802,$$$,4.5,6,[],https://www.yelp.com/biz/istanbul-home-long-beach?adjust_creative=OorxPpvbQO7_P_C9N1Ciwg&utm_campaign=yelp_api_v3&utm_medium=api_v3_business_lookup&utm_source=OorxPpvbQO7_P_C9N1Ciwg
BU21608430,2019-04-01,Mr & Mrs Fire Extinguisher,7xrc_G_zJ21M6mwYwh_tIg,https://s3-media2.fl.yelpcdn.com/bphoto/iYjtx2U1eoqoTfTn-Hvrpw/o.jpg,False,False,1724 Hayes Ave,Long Beach,CA,US,90813,,1.0,2,[],https://www.yelp.com/biz/mr-and-mrs-fire-extinguisher-long-beach-2?adjust_creative=OorxPpvbQO7_P_C9N1Ciwg&utm_campaign=yelp_api_v3&utm_medium=api_v3_business_lookup&utm_source=OorxPpvbQO7_P_C9N1Ciwg
MJ21700700,2019-04-01,Chronic Pain Releaf Center,-9OSeUlA8uGBsvqKoRizTQ,https://s3-media4.fl.yelpcdn.com/bphoto/GHRfH_dM68Ihj7luB3iwsA/o.jpg,True,False,1501 Santa Fe Ave,Long Beach,CA,US,90813,,4.5,8,[],https://www.yelp.com/biz/chronic-pain-releaf-center-long-beach?adjust_creative=OorxPpvbQO7_P_C9N1Ciwg&utm_campaign=yelp_api_v3&utm_medium=api_v3_business_lookup&utm_source=OorxPpvbQO7_P_C9N1Ciwg
BU21708534,2019-04-01,Budget Towing Service,tvfoZauohFxeTJjyHdM8yA,https://s3-media1.fl.yelpcdn.com/bphoto/FTjgTQccnfoFXhw0OdFYig/o.jpg,True,False,2112 W 17th St,Long Beach,CA,US,90813,,3.0,6,[],https://www.yelp.com/biz/budget-towing-service-long-beach-2?adjust_creative=OorxPpvbQO7_P_C9N1Ciwg&utm_campaign=yelp_api_v3&utm_medium=api_v3_business_lookup&utm_source=OorxPpvbQO7_P_C9N1Ciwg
BU21700823,2019-04-01,Istanbul Home,YgeQQrM17-GNzywbGoqirg,https://s3-media3.fl.yelpcdn.com/bphoto/-lCnOmfW4yqZZYpUTikm2w/o.jpg,True,False,419 Shoreline Village Dr,Long Beach,CA,US,90802,$$$,4.5,6,[],https://www.yelp.com/biz/istanbul-home-long-beach?adjust_creative=OorxPpvbQO7_P_C9N1Ciwg&utm_campaign=yelp_api_v3&utm_medium=api_v3_business_lookup&utm_source=OorxPpvbQO7_P_C9N1Ciwg
BU21803780,2019-04-01,Advanced Registration Services,dxEhtlyIQ9W3_kwrxXz9Cg,https://s3-media1.fl.yelpcdn.com/bphoto/a8EzZybwC-VUMmEcjTQxSQ/o.jpg,True,False,1700 Santa Fe Ave,Long Beach,CA,US,90813,,5.0,3,[],https://www.yelp.com/biz/advanced-registration-services-long-beach?adjust_creative=OorxPpvbQO7_P_C9N1Ciwg&utm_campaign=yelp_api_v3&utm_medium=api_v3_business_lookup&utm_source=OorxPpvbQO7_P_C9N1Ciwg
BU21800592,2019-04-01,Express Fumigation,hur_I-bAJ1b3PRdSPKPTTg,https://s3-media3.fl.yelpcdn.com/bphoto/Cpw6oQv3Mj9iJyq9Mr5tQw/o.jpg,True,False,1487 Cota Ave,Long Beach,CA,US,90813,,4.5,9,[],https://www.yelp.com/biz/express-fumigation-long-beach-3?adjust_creative=OorxPpvbQO7_P_C9N1Ciwg&utm_campaign=yelp_api_v3&utm_medium=api_v3_business_lookup&utm_source=OorxPpvbQO7_P_C9N1Ciwg
BU21802316,2019-04-01,Beach Cities Wholesalers,JWMaQhBiv2nR6xr-Alh6Vg,https://s3-media4.fl.yelpcdn.com/bphoto/96upSuuHtB9LB8khpq3ptw/o.jpg,True,False,2021 W 17th St,Long Beach,CA,US,90813,,5.0,3,[],https://www.yelp.com/biz/beach-cities-wholesalers-long-beach?adjust_creative=OorxPpvbQO7_P_C9N1Ciwg&utm_campaign=yelp_api_v3&utm_medium=api_v3_business_lookup&utm_source=OorxPpvbQO7_P_C9N1Ciwg
BU21802355,2019-04-01,Studebaker Restoration Ltd,_YqVj3YForLpOXJa5EQIsw,https://s3-media4.fl.yelpcdn.com/bphoto/Cz6ngcWq_lkpRqeIUIz6Rg/o.jpg,True,False,1408 Santa Fe Ave,Long Beach,CA,US,90813,,5.0,1,[],https://www.yelp.com/biz/studebaker-restoration-ltd-long-beach?adjust_creative=OorxPpvbQO7_P_C9N1Ciwg&utm_campaign=yelp_api_v3&utm_medium=api_v3_business_lookup&utm_source=OorxPpvbQO7_P_C9N1Ciwg
BU20653110,2019-04-01,Silva Truck & Auto Electric,9Hd3KV9ClTDq-SI2BQaX0Q,https://s3-media2.fl.yelpcdn.com/bphoto/DC3QShCnCM-YVyNvh5o_OQ/o.jpg,False,False,1618 W Esther St,Long Beach,CA,US,90813,,5.0,1,[],https://www.yelp.com/biz/silva-truck-and-auto-electric-long-beach?adjust_creative=OorxPpvbQO7_P_C9N1Ciwg&utm_campaign=yelp_api_v3&utm_medium=api_v3_business_lookup&utm_source=OorxPpvbQO7_P_C9N1Ciwg
BU21800522,2019-04-01,Find Your Feet,i-ddgdDpSxU5yhpC4uEgoA,https://s3-media1.fl.yelpcdn.com/bphoto/d8sLH2g8zy4BiaDldxSoEA/o.jpg,True,False,419 Shoreline Village Dr,Long Beach,CA,US,90802,,5.0,1,[],https://www.yelp.com/biz/find-your-feet-long-beach-2?adjust_creative=OorxPpvbQO7_P_C9N1Ciwg&utm_campaign=yelp_api_v3&utm_medium=api_v3_business_lookup&utm_source=OorxPpvbQO7_P_C9N1Ciwg
MJ21700353,2019-04-01,Long Beach Green Room,HNaY9b0-9dsRGbWmoHO_sw,https://s3-media2.fl.yelpcdn.com/bphoto/Yqzvf7tfx2QL84xe3vRfog/o.jpg,True,False,1735 E 7th St,Long Beach,CA,US,90813,,3.0,11,[],https://www.yelp.com/biz/long-beach-green-room-long-beach?adjust_creative=OorxPpvbQO7_P_C9N1Ciwg&utm_campaign=yelp_api_v3&utm_medium=api_v3_business_lookup&utm_source=OorxPpvbQO7_P_C9N1Ciwg
BU20030610,2019-04-01,Club Tan Tanning Salon,xAKbnjR5gEYjKawfXraSxA,https://s3-media2.fl.yelpcdn.com/bphoto/ya-_NDFNQIPsCERvPIxQWQ/o.jpg,True,False,3924 E Anaheim St,Long Beach,CA,US,90804,$,4.5,83,[],https://www.yelp.com/biz/club-tan-tanning-salon-long-beach?adjust_creative=OorxPpvbQO7_P_C9N1Ciwg&utm_campaign=yelp_api_v3&utm_medium=api_v3_business_lookup&utm_source=OorxPpvbQO7_P_C9N1Ciwg
BU20049130,2019-04-01,Vinh Heng Market,GjhrKgKCXQnTiNc1EXjIlw,https://s3-media1.fl.yelpcdn.com/bphoto/YVE-jAaG96Bv1-SaLWApiQ/o.jpg,True,True,2148 E Anaheim St,Long Beach,CA,US,90804,$,3.0,1,[],https://www.yelp.com/biz/vinh-heng-market-long-beach?adjust_creative=OorxPpvbQO7_P_C9N1Ciwg&utm_campaign=yelp_api_v3&utm_medium=api_v3_business_lookup&utm_source=OorxPpvbQO7_P_C9N1Ciwg
BU06066350,2019-04-01,Recreation Park 18 Golf Course,-yc66J2msUWNcOFm5nak6Q,https://s3-media1.fl.yelpcdn.com/bphoto/EKvwW7wvDv-yAaItmvbmsg/o.jpg,True,False,5001 Deukmejian Drive,Long Beach,CA,US,90804,,3.5,94,[],https://www.yelp.com/biz/recreation-park-18-golf-course-long-beach?adjust_creative=OorxPpvbQO7_P_C9N1Ciwg&utm_campaign=yelp_api_v3&utm_medium=api_v3_business_lookup&utm_source=OorxPpvbQO7_P_C9N1Ciwg
BU06066430,2019-04-01,Recreation Park 9 Golf Course,X4RtBdEzmMmzretcJ7_5MA,https://s3-media1.fl.yelpcdn.com/bphoto/EC6sCWEaADAAi92_EW67jg/o.jpg,True,False,5000 East 7th Street,Long Beach,CA,US,90804,,3.5,31,[],https://www.yelp.com/biz/recreation-park-9-golf-course-long-beach?adjust_creative=OorxPpvbQO7_P_C9N1Ciwg&utm_campaign=yelp_api_v3&utm_medium=api_v3_business_lookup&utm_source=OorxPpvbQO7_P_C9N1Ciwg
BU20605470,2019-04-01,Hot Java,H5UjWOuCogbB-udtRzbX0w,https://s3-media2.fl.yelpcdn.com/bphoto/8T4Utd1UF64jILhRe785Qw/o.jpg,True,False,2101 E Broadway,Long Beach,CA,US,90803,$,4.0,481,[],https://www.yelp.com/biz/hot-java-long-beach?adjust_creative=OorxPpvbQO7_P_C9N1Ciwg&utm_campaign=yelp_api_v3&utm_medium=api_v3_business_lookup&utm_source=OorxPpvbQO7_P_C9N1Ciwg
BU20033951,2019-04-01,Pacific Coast Style,wjRArz3YEYcvJFynQsTASQ,https://s3-media1.fl.yelpcdn.com/bphoto/cdcE-7iM01IAvTy4IBEKCQ/o.jpg,True,False,6232 E Pacific Coast Hwy,Long Beach,CA,US,90803,$$,4.5,127,[],https://www.yelp.com/biz/pacific-coast-style-long-beach?adjust_creative=OorxPpvbQO7_P_C9N1Ciwg&utm_campaign=yelp_api_v3&utm_medium=api_v3_business_lookup&utm_source=OorxPpvbQO7_P_C9N1Ciwg
BU03078940,2019-04-01,Golden Burger,ImuKvkZmYX_mG7tw-cANdA,https://s3-media1.fl.yelpcdn.com/bphoto/UiEEmQX8sR7v4pjSNBKZEg/o.jpg,False,False,2301 E 4th St,Long Beach,CA,US,90814,$,3.0,251,"['pickup', 'delivery']",https://www.yelp.com/biz/golden-burger-long-beach?adjust_creative=OorxPpvbQO7_P_C9N1Ciwg&utm_campaign=yelp_api_v3&utm_medium=api_v3_business_lookup&utm_source=OorxPpvbQO7_P_C9N1Ciwg
BU20428652,2019-04-01,Olives Gourmet Grocer,eg0B0k8ydSZV6DAJDRHr8A,https://s3-media3.fl.yelpcdn.com/bphoto/k5G8uhCS0XVR8QzNhdZJpQ/o.jpg,True,False,3510 E Broadway,Long Beach,CA,US,90803,$$,4.0,309,[],https://www.yelp.com/biz/olives-gourmet-grocer-long-beach?adjust_creative=OorxPpvbQO7_P_C9N1Ciwg&utm_campaign=yelp_api_v3&utm_medium=api_v3_business_lookup&utm_source=OorxPpvbQO7_P_C9N1Ciwg
BU20728830,2019-04-01,Lola's Mexican Cuisine,QyP2x7Jd7byqeqM3RtPEWQ,https://s3-media1.fl.yelpcdn.com/bphoto/nEeb6Cdq1J0jW63pbVANeg/o.jpg,True,False,2030 E 4th St,Long Beach,CA,US,90814,$$,4.0,1526,"['restaurant_reservation', 'pickup']",https://www.yelp.com/biz/lolas-mexican-cuisine-long-beach-3?adjust_creative=OorxPpvbQO7_P_C9N1Ciwg&utm_campaign=yelp_api_v3&utm_medium=api_v3_business_lookup&utm_source=OorxPpvbQO7_P_C9N1Ciwg
BU04002280,2019-04-01,Joe Jost's,m848ffC-GjX82CCRIgMRTA,https://s3-media1.fl.yelpcdn.com/bphoto/TOle9N4JRvSohilWn1Yp9w/o.jpg,True,False,2803 E Anaheim St,Long Beach,CA,US,90804,$,4.5,587,[],https://www.yelp.com/biz/joe-josts-long-beach?adjust_creative=OorxPpvbQO7_P_C9N1Ciwg&utm_campaign=yelp_api_v3&utm_medium=api_v3_business_lookup&utm_source=OorxPpvbQO7_P_C9N1Ciwg
BU20603290,2019-04-01,The Wine Crush,MDd6xeIeeH0fzDY3pTXgUA,https://s3-media3.fl.yelpcdn.com/bphoto/6wqp-HS4HYL9FHANnxlOMw/o.jpg,True,False,3131 E Broadway,Long Beach,CA,US,90803,$$,4.0,113,[],https://www.yelp.com/biz/the-wine-crush-long-beach?adjust_creative=OorxPpvbQO7_P_C9N1Ciwg&utm_campaign=yelp_api_v3&utm_medium=api_v3_business_lookup&utm_source=OorxPpvbQO7_P_C9N1Ciwg
BU20535520,2019-04-01,Enrique's Mexican Restaurant,j_cJXXYC876tIehjB0wzOA,https://s3-media3.fl.yelpcdn.com/bphoto/S8wZX85TXFAuq7msdF7ZZw/o.jpg,False,False,6210 E Pacific Coast Hwy,Long Beach,CA,US,90803,$$,4.0,918,[],https://www.yelp.com/biz/enriques-mexican-restaurant-long-beach?adjust_creative=OorxPpvbQO7_P_C9N1Ciwg&utm_campaign=yelp_api_v3&utm_medium=api_v3_business_lookup&utm_source=OorxPpvbQO7_P_C9N1Ciwg
BU20425260,2019-04-01,Rafaella's Beauty Salon,HzXbVXs-vPDH18nLNZONyg,https://s3-media2.fl.yelpcdn.com/bphoto/IlcMVpGAqZF-qlDL1GGQdA/o.jpg,True,False,3136 E 7th St,Long Beach,CA,US,90804,$$,4.0,9,[],https://www.yelp.com/biz/rafaellas-beauty-salon-long-beach?adjust_creative=OorxPpvbQO7_P_C9N1Ciwg&utm_campaign=yelp_api_v3&utm_medium=api_v3_business_lookup&utm_source=OorxPpvbQO7_P_C9N1Ciwg
BU20541800,2019-04-01,Duggan Matthew PHD & Associates,zZJJIXED02n2Pszr8fU-KA,https://s3-media2.fl.yelpcdn.com/bphoto/AAPrOPt8RkzbTJcjYhIJbw/o.jpg,False,False,4137 E 7th St,Long Beach,CA,US,90804,,5.0,2,[],https://www.yelp.com/biz/duggan-matthew-phd-and-associates-long-beach?adjust_creative=OorxPpvbQO7_P_C9N1Ciwg&utm_campaign=yelp_api_v3&utm_medium=api_v3_business_lookup&utm_source=OorxPpvbQO7_P_C9N1Ciwg
BU20325040,2019-04-01,Linne's Boutique,PmGGAJiKgaR5QGwhJ_70iA,https://s3-media4.fl.yelpcdn.com/bphoto/TF9tJ_ttnNlzBi3_JwIM3Q/o.jpg,True,False,1090 Redondo Ave,Long Beach,CA,US,90804,$$,3.5,56,[],https://www.yelp.com/biz/linnes-boutique-long-beach?adjust_creative=OorxPpvbQO7_P_C9N1Ciwg&utm_campaign=yelp_api_v3&utm_medium=api_v3_business_lookup&utm_source=OorxPpvbQO7_P_C9N1Ciwg
BU20404710,2019-04-01,Spa Sidney,Btw7rYUDqftSBOaT-JFJyA,https://s3-media4.fl.yelpcdn.com/bphoto/wIEkPuYYdD_OCGpp3NzTlg/o.jpg,True,False,3519 E Broadway,Long Beach,CA,US,90803,$$,4.5,122,[],https://www.yelp.com/biz/spa-sidney-long-beach-2?adjust_creative=OorxPpvbQO7_P_C9N1Ciwg&utm_campaign=yelp_api_v3&utm_medium=api_v3_business_lookup&utm_source=OorxPpvbQO7_P_C9N1Ciwg
BU02073660,2019-04-01,Ghassem's Service Center,Msg83S5sh95QkkmwF-NeFg,https://s3-media3.fl.yelpcdn.com/bphoto/Fj5MayVLvHLb1YPMMdReRw/o.jpg,True,False,1780 Clark Ave,Long Beach,CA,US,90815,,4.5,98,[],https://www.yelp.com/biz/ghassems-service-center-long-beach?adjust_creative=OorxPpvbQO7_P_C9N1Ciwg&utm_campaign=yelp_api_v3&utm_medium=api_v3_business_lookup&utm_source=OorxPpvbQO7_P_C9N1Ciwg
BU20039460,2019-04-01,Lacey's Carpets & Floors,aushOBsrbUQ6Vy0NBJjJUg,https://s3-media4.fl.yelpcdn.com/bphoto/e3ps0ADQxHbNTj5PbxUl2Q/o.jpg,True,False,3922 E Anaheim St,Long Beach,CA,US,90804,,4.5,7,[],https://www.yelp.com/biz/laceys-carpets-and-floors-long-beach?adjust_creative=OorxPpvbQO7_P_C9N1Ciwg&utm_campaign=yelp_api_v3&utm_medium=api_v3_business_lookup&utm_source=OorxPpvbQO7_P_C9N1Ciwg
BU20623640,2019-04-01,Apsara Beauty Salon,C0A849vK-l6n4yIargrsrQ,https://s3-media2.fl.yelpcdn.com/bphoto/ToM5QyYNV2ae5jxhIWPsPA/o.jpg,False,False,1305 Raymond Ave,Long Beach,CA,US,90804,,5.0,1,[],https://www.yelp.com/biz/apsara-beauty-salon-long-beach?adjust_creative=OorxPpvbQO7_P_C9N1Ciwg&utm_campaign=yelp_api_v3&utm_medium=api_v3_business_lookup&utm_source=OorxPpvbQO7_P_C9N1Ciwg
BU20540800,2019-04-01,Dollar Express,mHrUzERf1jfbxZYWLFPAoA,,False,False,3200 E Pacific Coast Hwy,Long Beach,CA,US,90804,$,1.5,4,[],https://www.yelp.com/biz/dollar-express-long-beach?adjust_creative=OorxPpvbQO7_P_C9N1Ciwg&utm_campaign=yelp_api_v3&utm_medium=api_v3_business_lookup&utm_source=OorxPpvbQO7_P_C9N1Ciwg
BU20100140,2019-04-01,Postal Central,ABadJow5WtqhBiOHz4oOKg,https://s3-media4.fl.yelpcdn.com/bphoto/EhIAlSbr_wdqHibNjSGT4A/o.jpg,True,False,1218 E Broadway,Long Beach,CA,US,90802,,4.5,14,[],https://www.yelp.com/biz/postal-central-long-beach?adjust_creative=OorxPpvbQO7_P_C9N1Ciwg&utm_campaign=yelp_api_v3&utm_medium=api_v3_business_lookup&utm_source=OorxPpvbQO7_P_C9N1Ciwg
BU20532260,2019-04-01,Payless Tobacco,iQBW9KiH5kq0Gj9HHtTF8g,https://s3-media2.fl.yelpcdn.com/bphoto/xfdFkf0yx-zkiFpI3NWvDg/o.jpg,False,False,3290 E Anaheim St,Long Beach,CA,US,90804,$$,3.5,6,[],https://www.yelp.com/biz/payless-tobacco-long-beach?adjust_creative=OorxPpvbQO7_P_C9N1Ciwg&utm_campaign=yelp_api_v3&utm_medium=api_v3_business_lookup&utm_source=OorxPpvbQO7_P_C9N1Ciwg
BU20566480,2019-04-01,Hacienda Grande Assisted Living Center,BehTHHVgHCUzIozw9g4bpA,,False,False,1740 Grand Ave,Long Beach,CA,US,90804,,5.0,2,[],https://www.yelp.com/biz/hacienda-grande-assisted-living-center-long-beach?adjust_creative=OorxPpvbQO7_P_C9N1Ciwg&utm_campaign=yelp_api_v3&utm_medium=api_v3_business_lookup&utm_source=OorxPpvbQO7_P_C9N1Ciwg
BU20506750,2019-04-01,Deno's Pizza,iwz5DTLe-fVgJMMTzRDENA,https://s3-media4.fl.yelpcdn.com/bphoto/8ZcSPue7iFWfcGwExfwb5A/o.jpg,False,False,1100 Redondo Ave,Long Beach,CA,US,90804,$,3.0,61,"['delivery', 'pickup']",https://www.yelp.com/biz/denos-pizza-long-beach?adjust_creative=OorxPpvbQO7_P_C9N1Ciwg&utm_campaign=yelp_api_v3&utm_medium=api_v3_business_lookup&utm_source=OorxPpvbQO7_P_C9N1Ciwg
BU20506810,2019-04-01,Fibers & Floors,3rLCh5E8iD_5B2a_tvsCxQ,https://s3-media1.fl.yelpcdn.com/bphoto/ftjlZlhwXvlk-PGJxTMXXg/o.jpg,True,False,16 Coronado Ave,Long Beach,CA,US,90803,,5.0,2,[],https://www.yelp.com/biz/fibers-and-floors-long-beach?adjust_creative=OorxPpvbQO7_P_C9N1Ciwg&utm_campaign=yelp_api_v3&utm_medium=api_v3_business_lookup&utm_source=OorxPpvbQO7_P_C9N1Ciwg
BU20616290,2019-04-01,Best Shoe Repair & Keys,RtUWULD0mVf4Uv-P6gRspg,https://s3-media1.fl.yelpcdn.com/bphoto/YjpQGQxHWacWhxiJUxaLsQ/o.jpg,False,False,3203 E Anaheim St,Long Beach,CA,US,90804,,3.5,18,[],https://www.yelp.com/biz/best-shoe-repair-and-keys-long-beach?adjust_creative=OorxPpvbQO7_P_C9N1Ciwg&utm_campaign=yelp_api_v3&utm_medium=api_v3_business_lookup&utm_source=OorxPpvbQO7_P_C9N1Ciwg
BU02046870,2019-04-01,Town & Country Car Wash,s7xmrik31PQeoYB_k1x33w,https://s3-media1.fl.yelpcdn.com/bphoto/jaRggan3sHStD90LjGy9Ow/o.jpg,True,False,5675 E Pacific Coast Hwy,Long Beach,CA,US,90814,,4.0,28,[],https://www.yelp.com/biz/town-and-country-car-wash-long-beach?adjust_creative=OorxPpvbQO7_P_C9N1Ciwg&utm_campaign=yelp_api_v3&utm_medium=api_v3_business_lookup&utm_source=OorxPpvbQO7_P_C9N1Ciwg
BU20528920,2019-04-01,Blue Ribbon Cleaners,egOqJsFqLE8SOdcSeA4x8w,https://s3-media3.fl.yelpcdn.com/bphoto/DWAmvUDthyDIdgl9C3YIYA/o.jpg,True,False,640 Redondo Ave,Long Beach,CA,US,90814,$,4.0,34,[],https://www.yelp.com/biz/blue-ribbon-cleaners-long-beach?adjust_creative=OorxPpvbQO7_P_C9N1Ciwg&utm_campaign=yelp_api_v3&utm_medium=api_v3_business_lookup&utm_source=OorxPpvbQO7_P_C9N1Ciwg
BU20521270,2019-04-01,Beauty by the Beach Salon,ASpa0LAX30sYXxfHbH_ymA,https://s3-media1.fl.yelpcdn.com/bphoto/NyngyW0P4Be69eE2hO4cIg/o.jpg,True,False,2234 E Broadway,Long Beach,CA,US,90803,,5.0,3,[],https://www.yelp.com/biz/beauty-by-the-beach-salon-long-beach?adjust_creative=OorxPpvbQO7_P_C9N1Ciwg&utm_campaign=yelp_api_v3&utm_medium=api_v3_business_lookup&utm_source=OorxPpvbQO7_P_C9N1Ciwg
BU20151821,2019-04-01,The Gondolier Apartments,JbRvNX6V1_fpGmdeI49RlA,https://s3-media1.fl.yelpcdn.com/bphoto/qjkGLcJLhQk8od4Rd4wuIQ/o.jpg,True,False,5525 E Pacific Coast Hwy,Long Beach,CA,US,90804,,2.5,9,[],https://www.yelp.com/biz/the-gondolier-apartments-long-beach-2?adjust_creative=OorxPpvbQO7_P_C9N1Ciwg&utm_campaign=yelp_api_v3&utm_medium=api_v3_business_lookup&utm_source=OorxPpvbQO7_P_C9N1Ciwg
BU20329110,2019-04-01,C & O Enterprises,FPFaylom-HPMuoDA6yf8bw,,False,False,425 Coronado Ave,Long Beach,CA,US,90814,,1.0,1,[],https://www.yelp.com/biz/c-and-o-enterprises-long-beach?adjust_creative=OorxPpvbQO7_P_C9N1Ciwg&utm_campaign=yelp_api_v3&utm_medium=api_v3_business_lookup&utm_source=OorxPpvbQO7_P_C9N1Ciwg
BU20308080,2019-04-01,Slice of Jamaica,LIFlO-EmlhoyPczFfLg96w,https://s3-media2.fl.yelpcdn.com/bphoto/nMnhaCYTh4OXVn8H6zUWrw/o.jpg,True,False,950 E 4th St,Long Beach,CA,US,90802,$$,5.0,1,[],https://www.yelp.com/biz/slice-of-jamaica-long-beach?adjust_creative=OorxPpvbQO7_P_C9N1Ciwg&utm_campaign=yelp_api_v3&utm_medium=api_v3_business_lookup&utm_source=OorxPpvbQO7_P_C9N1Ciwg
BU20411081,2019-04-01,Carousel Preschool,GOnFXpZtw_y4eFZQT3s-1w,,False,False,366 Cherry Ave,Long Beach,CA,US,90802,,5.0,4,[],https://www.yelp.com/biz/carousel-preschool-long-beach?adjust_creative=OorxPpvbQO7_P_C9N1Ciwg&utm_campaign=yelp_api_v3&utm_medium=api_v3_business_lookup&utm_source=OorxPpvbQO7_P_C9N1Ciwg
BU20649490,2019-04-01,Pet Waggin,6hxJsVamPj-50J6MY06CMQ,https://s3-media1.fl.yelpcdn.com/bphoto/EeUMGSyGMDTJ-iwRi-UhTQ/o.jpg,True,False,,Long Beach,CA,US,90814,,5.0,61,[],https://www.yelp.com/biz/pet-waggin-long-beach-2?adjust_creative=OorxPpvbQO7_P_C9N1Ciwg&utm_campaign=yelp_api_v3&utm_medium=api_v3_business_lookup&utm_source=OorxPpvbQO7_P_C9N1Ciwg
BU20123500,2019-04-01,Palazzo Realty,JoQfAVNtWn_nAWQpx3btEQ,https://s3-media2.fl.yelpcdn.com/bphoto/tC-GfjmwWWX5zqtZewtmLw/o.jpg,False,False,3700 E 7th St,Long Beach,CA,US,90804,,3.0,36,[],https://www.yelp.com/biz/palazzo-realty-long-beach-2?adjust_creative=OorxPpvbQO7_P_C9N1Ciwg&utm_campaign=yelp_api_v3&utm_medium=api_v3_business_lookup&utm_source=OorxPpvbQO7_P_C9N1Ciwg
BU20617490,2019-04-01,W-P Watches & Jewelry Clinic,ShUxilE-9EYdhmmbkJ0nrw,https://s3-media3.fl.yelpcdn.com/bphoto/-V2U4s7oXxq-xMxtg1OvDA/o.jpg,False,False,3326 E Anaheim St,Long Beach,CA,US,90804,$,4.5,72,[],https://www.yelp.com/biz/w-p-watches-and-jewelry-clinic-long-beach?adjust_creative=OorxPpvbQO7_P_C9N1Ciwg&utm_campaign=yelp_api_v3&utm_medium=api_v3_business_lookup&utm_source=OorxPpvbQO7_P_C9N1Ciwg
BU20140830,2019-04-01,Olfati Design Group,YB7BgI_Oi4NlXHyQuS0QIQ,https://s3-media2.fl.yelpcdn.com/bphoto/gddtc6scLCLAHO8DAUzAAQ/o.jpg,True,False,5199 E Pacific Coast Hwy,Long Beach,CA,US,90804,,5.0,1,[],https://www.yelp.com/biz/olfati-design-group-long-beach?adjust_creative=OorxPpvbQO7_P_C9N1Ciwg&utm_campaign=yelp_api_v3&utm_medium=api_v3_business_lookup&utm_source=OorxPpvbQO7_P_C9N1Ciwg
BU20527700,2019-04-01,Grace Hotel,4yv03MIGpGHCFJx18lpD8Q,https://s3-media2.fl.yelpcdn.com/bphoto/I1HPpYnNcv29nKtnRindbQ/o.jpg,False,False,1090 Obispo Ave,Long Beach,CA,US,90804,$$,1.5,6,[],https://www.yelp.com/biz/grace-hotel-long-beach?adjust_creative=OorxPpvbQO7_P_C9N1Ciwg&utm_campaign=yelp_api_v3&utm_medium=api_v3_business_lookup&utm_source=OorxPpvbQO7_P_C9N1Ciwg
BU20656290,2019-04-01,Mink Quan Thai,BvLsJ8RZPFMSqZHrT-O1ng,https://s3-media3.fl.yelpcdn.com/bphoto/eJXjO0uw_hrPhxqJtx4Cmw/o.jpg,False,False,2821 E Anaheim St,Long Beach,CA,US,90804,$$,3.5,150,[],https://www.yelp.com/biz/mink-quan-thai-long-beach?adjust_creative=OorxPpvbQO7_P_C9N1Ciwg&utm_campaign=yelp_api_v3&utm_medium=api_v3_business_lookup&utm_source=OorxPpvbQO7_P_C9N1Ciwg
BU02009281,2019-04-01,Argonne Motel,luBnySoSvzg1o-elBfnCdw,https://s3-media4.fl.yelpcdn.com/bphoto/8XlYpsfZK1hVX5GzJyJM8w/o.jpg,False,False,1032 E 7th St,Long Beach,CA,US,90813,,1.0,2,[],https://www.yelp.com/biz/argonne-motel-long-beach?adjust_creative=OorxPpvbQO7_P_C9N1Ciwg&utm_campaign=yelp_api_v3&utm_medium=api_v3_business_lookup&utm_source=OorxPpvbQO7_P_C9N1Ciwg
BU01032560,2019-04-01,L G Smith Accountancy,bZcvyJeblYimutGzMWHvFg,https://s3-media1.fl.yelpcdn.com/bphoto/2RG2cgpKKAps7JGb_1y1jg/o.jpg,True,False,4017 East 7th St,Long Beach,CA,US,90804,,5.0,1,[],https://www.yelp.com/biz/l-g-smith-accountancy-long-beach?adjust_creative=OorxPpvbQO7_P_C9N1Ciwg&utm_campaign=yelp_api_v3&utm_medium=api_v3_business_lookup&utm_source=OorxPpvbQO7_P_C9N1Ciwg
BU20116990,2019-04-01,Mar Mel Inn,WEIz9x07EBpdCoJVvkdGKA,https://s3-media1.fl.yelpcdn.com/bphoto/IL6S4rFqOgNg0n8o7pt5UQ/o.jpg,True,False,1374 Gladys Ave,Long Beach,CA,US,90804,,4.5,51,[],https://www.yelp.com/biz/mar-mel-inn-long-beach?adjust_creative=OorxPpvbQO7_P_C9N1Ciwg&utm_campaign=yelp_api_v3&utm_medium=api_v3_business_lookup&utm_source=OorxPpvbQO7_P_C9N1Ciwg
BU20513900,2019-04-01,Law Offices of Vitthara Tan,KRRoiPGcx-or0XDmG7xAhg,https://s3-media2.fl.yelpcdn.com/bphoto/ldvbyKtZOhawRD-Y-jAN6A/o.jpg,True,False,1360 E Anaheim St,Long Beach,CA,US,90813,,2.5,3,[],https://www.yelp.com/biz/law-offices-of-vitthara-tan-long-beach?adjust_creative=OorxPpvbQO7_P_C9N1Ciwg&utm_campaign=yelp_api_v3&utm_medium=api_v3_business_lookup&utm_source=OorxPpvbQO7_P_C9N1Ciwg
BU20650900,2019-04-01,Ilda's Hair Design,aVso2oGX6bG3AGxGcyplbA,https://s3-media3.fl.yelpcdn.com/bphoto/_VFlryy-MpXcDLHCKTb_bg/o.jpg,False,False,1717 E Anaheim St,Long Beach,CA,US,90813,$,4.5,2,[],https://www.yelp.com/biz/ildas-hair-design-long-beach?adjust_creative=OorxPpvbQO7_P_C9N1Ciwg&utm_campaign=yelp_api_v3&utm_medium=api_v3_business_lookup&utm_source=OorxPpvbQO7_P_C9N1Ciwg
BU20627640,2019-04-01,Long Beach Boxing & Fitness,DnINKLQ1rITPxKNenUpwpA,https://s3-media2.fl.yelpcdn.com/bphoto/WU7DOXKfWQpJ19B28NeDFw/o.jpg,False,True,1780 Martin Luther King Jr Ave,Long Beach,CA,US,90813,,5.0,1,[],https://www.yelp.com/biz/long-beach-boxing-and-fitness-long-beach?adjust_creative=OorxPpvbQO7_P_C9N1Ciwg&utm_campaign=yelp_api_v3&utm_medium=api_v3_business_lookup&utm_source=OorxPpvbQO7_P_C9N1Ciwg
BU20205812,2019-04-01,The Green Plumber,sEV1NY0b-l_HHtlCNLJspA,https://s3-media1.fl.yelpcdn.com/bphoto/R1jyNXVwxzSAz3AWLhHWtQ/o.jpg,True,False,4224 E Colorado St,Long Beach,CA,US,90814,,4.5,167,[],https://www.yelp.com/biz/the-green-plumber-long-beach?adjust_creative=OorxPpvbQO7_P_C9N1Ciwg&utm_campaign=yelp_api_v3&utm_medium=api_v3_business_lookup&utm_source=OorxPpvbQO7_P_C9N1Ciwg
BU20039940,2019-04-01,Edith's Beauty & Barber Shop,LgXERo6m2I9mYP8pctv9dg,https://s3-media3.fl.yelpcdn.com/bphoto/ZNlk2zu5aCuqYVpCbq4NSw/o.jpg,False,False,1013 E Anaheim St,Long Beach,CA,US,90813,$,5.0,3,[],https://www.yelp.com/biz/ediths-beauty-and-barber-shop-long-beach?adjust_creative=OorxPpvbQO7_P_C9N1Ciwg&utm_campaign=yelp_api_v3&utm_medium=api_v3_business_lookup&utm_source=OorxPpvbQO7_P_C9N1Ciwg
BU20622970,2019-04-01,Wiring Solutions,PtKuxbDrovkAORTHnrqdgg,https://s3-media3.fl.yelpcdn.com/bphoto/HUPFne286cCaVPQNYTBeWQ/o.jpg,True,False,895 Palo Verde Ave,Long Beach,CA,US,90815,,5.0,68,[],https://www.yelp.com/biz/wiring-solutions-long-beach?adjust_creative=OorxPpvbQO7_P_C9N1Ciwg&utm_campaign=yelp_api_v3&utm_medium=api_v3_business_lookup&utm_source=OorxPpvbQO7_P_C9N1Ciwg
BU20640320,2019-04-01,Bourbon Street Liquor,TjX1BDMTYU1cLBzkWoCftg,https://s3-media4.fl.yelpcdn.com/bphoto/_xiYvvdJcVlq-39LmvqQTw/o.jpg,True,False,1360 E 7th St,Long Beach,CA,US,90813,$,4.0,2,[],https://www.yelp.com/biz/bourbon-street-liquor-long-beach?adjust_creative=OorxPpvbQO7_P_C9N1Ciwg&utm_campaign=yelp_api_v3&utm_medium=api_v3_business_lookup&utm_source=OorxPpvbQO7_P_C9N1Ciwg
BU01022900,2019-04-01,The Salvation Army Family Store & Donation Center,1Ps2RuWld6DzTacs42epeA,https://s3-media2.fl.yelpcdn.com/bphoto/cuwVmeWkcIxeQ3vbyQtbCg/o.jpg,True,False,1370 Alamitos Ave,Long Beach,CA,US,90813,$,2.5,56,[],https://www.yelp.com/biz/the-salvation-army-family-store-and-donation-center-long-beach-2?adjust_creative=OorxPpvbQO7_P_C9N1Ciwg&utm_campaign=yelp_api_v3&utm_medium=api_v3_business_lookup&utm_source=OorxPpvbQO7_P_C9N1Ciwg
BU20700180,2019-04-01,Golden Moon,8DrC4tF6s-h06BWHjfYUeg,,True,False,1617 E Anaheim St,Long Beach,CA,US,90813,,1.0,1,[],https://www.yelp.com/biz/golden-moon-long-beach-2?adjust_creative=OorxPpvbQO7_P_C9N1Ciwg&utm_campaign=yelp_api_v3&utm_medium=api_v3_business_lookup&utm_source=OorxPpvbQO7_P_C9N1Ciwg
BU20724170,2019-04-01,Regal Tailoring & Regal Dry Cleaning,xj2-H6hMX-WDw8L5hOANnQ,https://s3-media2.fl.yelpcdn.com/bphoto/En2BMpVgmjwJYD48V7y6AQ/o.jpg,True,False,371 Redondo Ave,Long Beach,CA,US,90814,$$,4.5,58,[],https://www.yelp.com/biz/regal-tailoring-and-regal-dry-cleaning-long-beach?adjust_creative=OorxPpvbQO7_P_C9N1Ciwg&utm_campaign=yelp_api_v3&utm_medium=api_v3_business_lookup&utm_source=OorxPpvbQO7_P_C9N1Ciwg
BU20637960,2019-04-01,Pacific Coast Style,wjRArz3YEYcvJFynQsTASQ,https://s3-media1.fl.yelpcdn.com/bphoto/cdcE-7iM01IAvTy4IBEKCQ/o.jpg,True,False,6232 E Pacific Coast Hwy,Long Beach,CA,US,90803,$$,4.5,127,[],https://www.yelp.com/biz/pacific-coast-style-long-beach?adjust_creative=OorxPpvbQO7_P_C9N1Ciwg&utm_campaign=yelp_api_v3&utm_medium=api_v3_business_lookup&utm_source=OorxPpvbQO7_P_C9N1Ciwg
BU20730370,2019-04-01,Trojan Self Serve Car Wash,B_MT2SZv4RFX_2oH7B8wRw,https://s3-media2.fl.yelpcdn.com/bphoto/qiwTWDEalXkygKENCYSl1Q/o.jpg,False,False,,Long Beach,CA,US,90804,,3.5,3,[],https://www.yelp.com/biz/trojan-self-serve-car-wash-long-beach?adjust_creative=OorxPpvbQO7_P_C9N1Ciwg&utm_campaign=yelp_api_v3&utm_medium=api_v3_business_lookup&utm_source=OorxPpvbQO7_P_C9N1Ciwg
BU20619680,2019-04-01,Daisy's Flowers,o1LaQ87PFOZynTs3K9ADyA,https://s3-media2.fl.yelpcdn.com/bphoto/XQVko2jFj-OWcAAyJW27Fg/o.jpg,True,False,626 Cherry Ave,Long Beach,CA,US,90802,$,4.5,24,[],https://www.yelp.com/biz/daisys-flowers-long-beach?adjust_creative=OorxPpvbQO7_P_C9N1Ciwg&utm_campaign=yelp_api_v3&utm_medium=api_v3_business_lookup&utm_source=OorxPpvbQO7_P_C9N1Ciwg
BU20713730,2019-04-01,Alex's Bar,ZGb09ZtiW2syv9tE2C0Xrg,https://s3-media1.fl.yelpcdn.com/bphoto/t6VAIPLpqAHyBGyhpX2HlQ/o.jpg,True,False,2913 E Anaheim St,Long Beach,CA,US,90804,$,4.0,526,[],https://www.yelp.com/biz/alexs-bar-long-beach?adjust_creative=OorxPpvbQO7_P_C9N1Ciwg&utm_campaign=yelp_api_v3&utm_medium=api_v3_business_lookup&utm_source=OorxPpvbQO7_P_C9N1Ciwg
BU20718850,2019-04-01,Long Beach Dental,3KKVyjvJRMYSmHuKc4ccIg,https://s3-media1.fl.yelpcdn.com/bphoto/jTho1z8kMskbBAgi2Y795g/o.jpg,False,False,308 Orange Ave,Long Beach,CA,US,90802,,3.5,55,[],https://www.yelp.com/biz/long-beach-dental-long-beach?adjust_creative=OorxPpvbQO7_P_C9N1Ciwg&utm_campaign=yelp_api_v3&utm_medium=api_v3_business_lookup&utm_source=OorxPpvbQO7_P_C9N1Ciwg
BU20534810,2019-04-01,Rascals Teriyaki Grill,bHSPsVDcuccVxEb8Z_ecEg,https://s3-media2.fl.yelpcdn.com/bphoto/KBgtMmcITHBln-wxKYkvFA/o.jpg,True,False,1760 Bellflower Blvd,Long Beach,CA,US,90815,$,4.0,688,[],https://www.yelp.com/biz/rascals-teriyaki-grill-long-beach?adjust_creative=OorxPpvbQO7_P_C9N1Ciwg&utm_campaign=yelp_api_v3&utm_medium=api_v3_business_lookup&utm_source=OorxPpvbQO7_P_C9N1Ciwg
BU20651460,2019-04-01,Bal Jagat - Children's World,36rcKOCG_AlE5kxvn4M-Sw,https://s3-media2.fl.yelpcdn.com/bphoto/UGxnTPrM5349EFbiVnlj2A/o.jpg,True,False,5199 E Pacific Coast Hwy,Long Beach,CA,US,90804,,5.0,19,[],https://www.yelp.com/biz/bal-jagat-childrens-world-long-beach-4?adjust_creative=OorxPpvbQO7_P_C9N1Ciwg&utm_campaign=yelp_api_v3&utm_medium=api_v3_business_lookup&utm_source=OorxPpvbQO7_P_C9N1Ciwg
BU20706170,2019-04-01,Cynthia Pastor Design,3xlXhHgTKKX77ePdsAYN3A,,False,False,,Long Beach,CA,US,90803,,5.0,1,[],https://www.yelp.com/biz/cynthia-pastor-design-long-beach?adjust_creative=OorxPpvbQO7_P_C9N1Ciwg&utm_campaign=yelp_api_v3&utm_medium=api_v3_business_lookup&utm_source=OorxPpvbQO7_P_C9N1Ciwg
BU20706270,2019-04-01,New Generation Smoke Shop,GoqOyS9HDlihTrIHjuKm3Q,https://s3-media3.fl.yelpcdn.com/bphoto/WBMm0RfdMVCs42GHRGEyjQ/o.jpg,True,False,3735 E Anaheim St,Long Beach,CA,US,90804,$,3.5,13,[],https://www.yelp.com/biz/new-generation-smoke-shop-long-beach?adjust_creative=OorxPpvbQO7_P_C9N1Ciwg&utm_campaign=yelp_api_v3&utm_medium=api_v3_business_lookup&utm_source=OorxPpvbQO7_P_C9N1Ciwg
BU20311830,2019-04-01,Jay's Hearing Aid Center,Oq2z3KAjMjEGIKM2F9lN3A,https://s3-media4.fl.yelpcdn.com/bphoto/Udhr7qafahRQO9UGZQlbuA/o.jpg,True,False,3740 E 7th St,Long Beach,CA,US,90804,,5.0,5,[],https://www.yelp.com/biz/jays-hearing-aid-center-long-beach-2?adjust_creative=OorxPpvbQO7_P_C9N1Ciwg&utm_campaign=yelp_api_v3&utm_medium=api_v3_business_lookup&utm_source=OorxPpvbQO7_P_C9N1Ciwg
BU20608700,2019-04-01,Starbucks,6os4qf_Fb764t77_uZIszQ,https://s3-media2.fl.yelpcdn.com/bphoto/g7oTfsVLRXzJ9AM6B7DCLA/o.jpg,True,False,3390 E. 7th Street,Long Beach,CA,US,90804,$,3.5,148,[],https://www.yelp.com/biz/starbucks-long-beach-45?adjust_creative=OorxPpvbQO7_P_C9N1Ciwg&utm_campaign=yelp_api_v3&utm_medium=api_v3_business_lookup&utm_source=OorxPpvbQO7_P_C9N1Ciwg
BU20713450,2019-04-01,Belmont Shore Veterinary Hospital,tF7A6SLwy6zF7UOR0EmMxQ,https://s3-media4.fl.yelpcdn.com/bphoto/t3YAJIsvS6rf9-8hA7eEtg/o.jpg,True,False,6222 E Pacific Coast Hwy,Long Beach,CA,US,90803,,4.0,150,[],https://www.yelp.com/biz/belmont-shore-veterinary-hospital-long-beach?adjust_creative=OorxPpvbQO7_P_C9N1Ciwg&utm_campaign=yelp_api_v3&utm_medium=api_v3_business_lookup&utm_source=OorxPpvbQO7_P_C9N1Ciwg
BU20566390,2019-04-01,TNT Hair & Nail,BnMxCPq7jq4Y9-snH3gu2g,https://s3-media4.fl.yelpcdn.com/bphoto/32lCYtnbkHNq7JDIVZfbDQ/o.jpg,False,False,2230 E 7th St,Long Beach,CA,US,90804,$,4.0,36,[],https://www.yelp.com/biz/tnt-hair-and-nail-long-beach?adjust_creative=OorxPpvbQO7_P_C9N1Ciwg&utm_campaign=yelp_api_v3&utm_medium=api_v3_business_lookup&utm_source=OorxPpvbQO7_P_C9N1Ciwg
BU20308290,2019-04-01,CVS Pharmacy,clfuMzSLGP8VsBdrxRe_pA,https://s3-media2.fl.yelpcdn.com/bphoto/NBT_HBS3irOFB227VbjWKQ/o.jpg,True,False,650 N Bellflower Blvd,Long Beach,CA,US,90814,$$,3.5,25,[],https://www.yelp.com/biz/cvs-pharmacy-long-beach-9?adjust_creative=OorxPpvbQO7_P_C9N1Ciwg&utm_campaign=yelp_api_v3&utm_medium=api_v3_business_lookup&utm_source=OorxPpvbQO7_P_C9N1Ciwg
BU20660280,2019-04-01,Starling Diner,xSFD8mvYq4ru41axMweRcA,https://s3-media3.fl.yelpcdn.com/bphoto/qAKCOz7cMHOfXsqnlckMAQ/o.jpg,True,False,4114 E 3rd St,Long Beach,CA,US,90814,$$,4.0,1578,"['delivery', 'pickup']",https://www.yelp.com/biz/starling-diner-long-beach?adjust_creative=OorxPpvbQO7_P_C9N1Ciwg&utm_campaign=yelp_api_v3&utm_medium=api_v3_business_lookup&utm_source=OorxPpvbQO7_P_C9N1Ciwg
BU20714130,2019-04-01,Goyette Sound and Video,u3UAe973lqIShfAUuuKyjA,https://s3-media1.fl.yelpcdn.com/bphoto/cZUPTrhFq-6OsykGWtOV3A/o.jpg,True,False,,Long Beach,CA,US,,,5.0,5,[],https://www.yelp.com/biz/goyette-sound-and-video-long-beach?adjust_creative=OorxPpvbQO7_P_C9N1Ciwg&utm_campaign=yelp_api_v3&utm_medium=api_v3_business_lookup&utm_source=OorxPpvbQO7_P_C9N1Ciwg
BU07015940,2019-04-01,Caf Piccolo,Kd4vwLWkpJuQB7J8KlrQYg,https://s3-media3.fl.yelpcdn.com/bphoto/OjXzEog6l_BYoUMRMXtoRA/o.jpg,True,False,3222 E Broadway,Long Beach,CA,US,90803,$$,4.0,772,"['delivery', 'pickup']",https://www.yelp.com/biz/caf%C3%A9-piccolo-long-beach-2?adjust_creative=OorxPpvbQO7_P_C9N1Ciwg&utm_campaign=yelp_api_v3&utm_medium=api_v3_business_lookup&utm_source=OorxPpvbQO7_P_C9N1Ciwg
BU20447200,2019-04-01,Finest Nails & Spa,kY6p-mhmDFD0B0urMno-QA,https://s3-media4.fl.yelpcdn.com/bphoto/budSoOe5qb3bM-yoKi_XsA/o.jpg,False,False,5712 E 7th St,Long Beach,CA,US,90803,$$,3.5,88,[],https://www.yelp.com/biz/finest-nails-and-spa-long-beach?adjust_creative=OorxPpvbQO7_P_C9N1Ciwg&utm_campaign=yelp_api_v3&utm_medium=api_v3_business_lookup&utm_source=OorxPpvbQO7_P_C9N1Ciwg
BU20648800,2019-04-01,Earl Jordan - State Farm Insurance Agent,ikRh-CxavwChSrdgyQjRog,https://s3-media4.fl.yelpcdn.com/bphoto/5rNxE4R6uiA0dYoOVYiGvA/o.jpg,True,False,2545 E Broadway,Long Beach,CA,US,90803,,4.5,11,[],https://www.yelp.com/biz/earl-jordan-state-farm-insurance-agent-long-beach?adjust_creative=OorxPpvbQO7_P_C9N1Ciwg&utm_campaign=yelp_api_v3&utm_medium=api_v3_business_lookup&utm_source=OorxPpvbQO7_P_C9N1Ciwg
BU20343890,2019-04-01,Centinela Feed & Pet Supplies,xcp0lz8TvNXJCneypexahA,https://s3-media4.fl.yelpcdn.com/bphoto/c2F15hTdAo-SXvTggoULaw/o.jpg,True,False,4700 Pacific Coast Highway,Long Beach,CA,US,90804,,4.0,177,[],https://www.yelp.com/biz/centinela-feed-and-pet-supplies-long-beach?adjust_creative=OorxPpvbQO7_P_C9N1Ciwg&utm_campaign=yelp_api_v3&utm_medium=api_v3_business_lookup&utm_source=OorxPpvbQO7_P_C9N1Ciwg
BU20611040,2019-04-01,Mike's Auto Repair,wF9CEzR3ZPgYVPZ07dzo6g,https://s3-media3.fl.yelpcdn.com/bphoto/RCAK4Jy7xjTvP177v0oljw/o.jpg,False,False,1190 E Anaheim St,Long Beach,CA,US,90813,,4.5,40,[],https://www.yelp.com/biz/mikes-auto-repair-long-beach?adjust_creative=OorxPpvbQO7_P_C9N1Ciwg&utm_campaign=yelp_api_v3&utm_medium=api_v3_business_lookup&utm_source=OorxPpvbQO7_P_C9N1Ciwg
BU20627050,2019-04-01,Merry's,p4xh9V2TFShK-hjp4pEExA,https://s3-media3.fl.yelpcdn.com/bphoto/ucbfUwiWW2JrNMuGlxHE1Q/o.jpg,True,False,2747 E Broadway,Long Beach,CA,US,90803,$$,5.0,31,[],https://www.yelp.com/biz/merrys-long-beach?adjust_creative=OorxPpvbQO7_P_C9N1Ciwg&utm_campaign=yelp_api_v3&utm_medium=api_v3_business_lookup&utm_source=OorxPpvbQO7_P_C9N1Ciwg
BU20708540,2019-04-01,Pan's Auto Collision,wxyPWH1lLYF9CI6X3t6MIA,https://s3-media2.fl.yelpcdn.com/bphoto/qA19azpDjcEpbbmelrNSXA/o.jpg,True,False,1710 E Anaheim St,Long Beach,CA,US,90813,,5.0,39,[],https://www.yelp.com/biz/pans-auto-collision-long-beach?adjust_creative=OorxPpvbQO7_P_C9N1Ciwg&utm_campaign=yelp_api_v3&utm_medium=api_v3_business_lookup&utm_source=OorxPpvbQO7_P_C9N1Ciwg
BU20714450,2019-04-01,Siam Market,HZDR0i3ORq4cVL4cKKW-LA,https://s3-media3.fl.yelpcdn.com/bphoto/CLJqFWtc1mLf6kUGLK7PhA/o.jpg,False,False,2505 E Anaheim St,Long Beach,CA,US,90804,$,1.0,1,[],https://www.yelp.com/biz/siam-market-long-beach-2?adjust_creative=OorxPpvbQO7_P_C9N1Ciwg&utm_campaign=yelp_api_v3&utm_medium=api_v3_business_lookup&utm_source=OorxPpvbQO7_P_C9N1Ciwg
BU20108630,2019-04-01,Mkott Pich Jewelry,-stlax3bnM_QKV-lzhUSag,https://s3-media3.fl.yelpcdn.com/bphoto/IgwTlmVItD4zjFa5Xe7Iug/o.jpg,True,False,2120 E Anaheim St,Long Beach,CA,US,90804,$$$,4.5,57,[],https://www.yelp.com/biz/mkott-pich-jewelry-long-beach?adjust_creative=OorxPpvbQO7_P_C9N1Ciwg&utm_campaign=yelp_api_v3&utm_medium=api_v3_business_lookup&utm_source=OorxPpvbQO7_P_C9N1Ciwg
BU20514601,2019-04-01,Anthony's Wigs,16d5rBx7T9U5cXsEsQlt6w,,False,False,4632 E 7th St,Long Beach,CA,US,90804,$$,5.0,6,[],https://www.yelp.com/biz/anthonys-wigs-long-beach?adjust_creative=OorxPpvbQO7_P_C9N1Ciwg&utm_campaign=yelp_api_v3&utm_medium=api_v3_business_lookup&utm_source=OorxPpvbQO7_P_C9N1Ciwg
BU20147170,2019-04-01,"Julie Ann Sherman, DO",-jNW6hQjaMQvlVPutSUf5Q,https://s3-media1.fl.yelpcdn.com/bphoto/Nj7_ugokuiyC2H9-NaOPBQ/o.jpg,False,False,1703 Termino Ave,Long Beach,CA,US,90804,,3.5,21,[],https://www.yelp.com/biz/julie-ann-sherman-do-long-beach?adjust_creative=OorxPpvbQO7_P_C9N1Ciwg&utm_campaign=yelp_api_v3&utm_medium=api_v3_business_lookup&utm_source=OorxPpvbQO7_P_C9N1Ciwg
BU20031310,2019-04-01,El Sol Bakery,_0WNfLqkA5RGLi7-P9wcPw,https://s3-media1.fl.yelpcdn.com/bphoto/YDYecviGm313jIuNxpOliA/o.jpg,False,False,1713 E Anaheim St,Long Beach,CA,US,90813,$,3.5,11,[],https://www.yelp.com/biz/el-sol-bakery-long-beach-2?adjust_creative=OorxPpvbQO7_P_C9N1Ciwg&utm_campaign=yelp_api_v3&utm_medium=api_v3_business_lookup&utm_source=OorxPpvbQO7_P_C9N1Ciwg
BU20621200,2019-04-01,Baiplu Thai Food and Aki Sushi Bar,7F4IEoswx3AKd57r9ZA3bg,https://s3-media2.fl.yelpcdn.com/bphoto/WHWR3SbAOujGbcWo8upbOA/o.jpg,True,False,1626 E 7th St,Long Beach,CA,US,90813,$$,3.5,624,"['delivery', 'pickup']",https://www.yelp.com/biz/baiplu-thai-food-and-aki-sushi-bar-long-beach?adjust_creative=OorxPpvbQO7_P_C9N1Ciwg&utm_campaign=yelp_api_v3&utm_medium=api_v3_business_lookup&utm_source=OorxPpvbQO7_P_C9N1Ciwg
BU20717700,2019-04-01,Ambiance Skin Care Salon & Day Spa,00m85Dq1BziZ00Te6ciL_A,https://s3-media1.fl.yelpcdn.com/bphoto/GBl04pb3PAnA1Ja8N8h-4w/o.jpg,True,False,3946 E 4th St,Long Beach,CA,US,90814,$$,4.5,75,[],https://www.yelp.com/biz/ambiance-skin-care-salon-and-day-spa-long-beach-3?adjust_creative=OorxPpvbQO7_P_C9N1Ciwg&utm_campaign=yelp_api_v3&utm_medium=api_v3_business_lookup&utm_source=OorxPpvbQO7_P_C9N1Ciwg
BU20707890,2019-04-01,Ambiance Skin Care Salon & Day Spa,00m85Dq1BziZ00Te6ciL_A,https://s3-media1.fl.yelpcdn.com/bphoto/GBl04pb3PAnA1Ja8N8h-4w/o.jpg,True,False,3946 E 4th St,Long Beach,CA,US,90814,$$,4.5,75,[],https://www.yelp.com/biz/ambiance-skin-care-salon-and-day-spa-long-beach-3?adjust_creative=OorxPpvbQO7_P_C9N1Ciwg&utm_campaign=yelp_api_v3&utm_medium=api_v3_business_lookup&utm_source=OorxPpvbQO7_P_C9N1Ciwg
BU20607830,2019-04-01,Rick Wicked's,dCil0v4SYmJdoeWZw5RmYA,https://s3-media4.fl.yelpcdn.com/bphoto/npICjijA2QxrmVGc4TpVjQ/o.jpg,True,False,3410 E 11th St,Long Beach,CA,US,90804,$$,4.5,32,[],https://www.yelp.com/biz/rick-wickeds-long-beach-6?adjust_creative=OorxPpvbQO7_P_C9N1Ciwg&utm_campaign=yelp_api_v3&utm_medium=api_v3_business_lookup&utm_source=OorxPpvbQO7_P_C9N1Ciwg
BU20303930,2019-04-01,Broadway Donuts,gnF76SP316cSCthAdIiVkw,https://s3-media4.fl.yelpcdn.com/bphoto/Q9N1eKeOZSosrTFP4exSRg/o.jpg,True,False,1200 E Broadway,Long Beach,CA,US,90802,$,4.5,294,[],https://www.yelp.com/biz/broadway-donuts-long-beach?adjust_creative=OorxPpvbQO7_P_C9N1Ciwg&utm_campaign=yelp_api_v3&utm_medium=api_v3_business_lookup&utm_source=OorxPpvbQO7_P_C9N1Ciwg
BU20710850,2019-04-01,ABC Wig Company Hair Design,5xAkVXv3NCB7_f760MqDjg,https://s3-media3.fl.yelpcdn.com/bphoto/j6ZV1UcRaiOlgBIcFNgPiQ/o.jpg,True,False,2600 E Pacific Coast Hwy,Long Beach,CA,US,90804,,1.0,1,[],https://www.yelp.com/biz/abc-wig-company-hair-design-long-beach?adjust_creative=OorxPpvbQO7_P_C9N1Ciwg&utm_campaign=yelp_api_v3&utm_medium=api_v3_business_lookup&utm_source=OorxPpvbQO7_P_C9N1Ciwg
BU20642460,2019-04-01,US Liquor,9c6KMba_Zyjc-b1migrLGw,https://s3-media3.fl.yelpcdn.com/bphoto/_yVPQ-g7VOOgC2CGbktr1g/o.jpg,True,False,2002 E Pacific Coast Hwy,Long Beach,CA,US,90804,$,4.0,3,[],https://www.yelp.com/biz/us-liquor-long-beach?adjust_creative=OorxPpvbQO7_P_C9N1Ciwg&utm_campaign=yelp_api_v3&utm_medium=api_v3_business_lookup&utm_source=OorxPpvbQO7_P_C9N1Ciwg
BU20626360,2019-04-01,Tap's Auto Repair Center,1dV3EVqdP7DMtD3s2UpjGg,https://s3-media4.fl.yelpcdn.com/bphoto/PwQM9f9HPU78w318wheIKg/o.jpg,True,False,1490 Cherry Ave,Long Beach,CA,US,90813,,4.0,25,[],https://www.yelp.com/biz/taps-auto-repair-center-long-beach?adjust_creative=OorxPpvbQO7_P_C9N1Ciwg&utm_campaign=yelp_api_v3&utm_medium=api_v3_business_lookup&utm_source=OorxPpvbQO7_P_C9N1Ciwg
BU20028690,2019-04-01,DG Boxing,2QM2vE0lJnuVQKq44AJprw,https://s3-media1.fl.yelpcdn.com/bphoto/ANGjFtU8o_mDGTGkNLZawg/o.jpg,True,False,5660 Pacific Coast Hwy,Long Beach,CA,US,90814,,4.5,23,[],https://www.yelp.com/biz/dg-boxing-long-beach?adjust_creative=OorxPpvbQO7_P_C9N1Ciwg&utm_campaign=yelp_api_v3&utm_medium=api_v3_business_lookup&utm_source=OorxPpvbQO7_P_C9N1Ciwg
BU20339480,2019-04-01,Independent Honda & Acura Specialists,l_kM_B_LEncx0lChvmFhyA,https://s3-media1.fl.yelpcdn.com/bphoto/-Ni01im34DMvcqRgBEY30g/o.jpg,False,False,1719 Cherry Ave,Long Beach,CA,US,90813,,4.0,42,[],https://www.yelp.com/biz/independent-honda-and-acura-specialists-long-beach?adjust_creative=OorxPpvbQO7_P_C9N1Ciwg&utm_campaign=yelp_api_v3&utm_medium=api_v3_business_lookup&utm_source=OorxPpvbQO7_P_C9N1Ciwg
BU20339500,2019-04-01,Ampwerx Repair,_fi6gvQ2mYClxAriMBCIvw,https://s3-media2.fl.yelpcdn.com/bphoto/tIS-_BKDNUyp-Ww7yJJLkQ/o.jpg,True,False,1935 E 7th St,Long Beach,CA,US,90813,,4.5,16,[],https://www.yelp.com/biz/ampwerx-repair-long-beach?adjust_creative=OorxPpvbQO7_P_C9N1Ciwg&utm_campaign=yelp_api_v3&utm_medium=api_v3_business_lookup&utm_source=OorxPpvbQO7_P_C9N1Ciwg
BU03053700,2019-04-01,Spiros Barber Shop,N8xGoGMxvdB3c9uoEw9-9Q,https://s3-media2.fl.yelpcdn.com/bphoto/DDZQu8rgr0RlCbMWxzE4Dg/o.jpg,True,False,2438 E 4th St,Long Beach,CA,US,90814,$,4.5,44,[],https://www.yelp.com/biz/spiros-barber-shop-long-beach?adjust_creative=OorxPpvbQO7_P_C9N1Ciwg&utm_campaign=yelp_api_v3&utm_medium=api_v3_business_lookup&utm_source=OorxPpvbQO7_P_C9N1Ciwg
BU03055430,2019-04-01,Great Beginnings Inc,NpEc4t4LM3Cm-HFDc7UunA,https://s3-media1.fl.yelpcdn.com/bphoto/3aM9CGlfTTQ8Q1DIN4PoLQ/o.jpg,True,False,3027 E 4th St,Long Beach,CA,US,90814,,4.5,8,[],https://www.yelp.com/biz/great-beginnings-inc-long-beach-2?adjust_creative=OorxPpvbQO7_P_C9N1Ciwg&utm_campaign=yelp_api_v3&utm_medium=api_v3_business_lookup&utm_source=OorxPpvbQO7_P_C9N1Ciwg
