licenseNum,date_fetched,name,place_id,formatted_address,latitude,longitude,price_level,rating,url,website,formatted_phone_number
BU20357460,2019-05-01,Beach Jewelry Center,ChIJK0QPlDkx3YARPKP149cWT68,"121 Pine Ave, Long Beach, CA 90802, USA",33.7685104,-118.1926208,,4.4,https://maps.google.com/?cid=12632340596295836476,,(562) 437-7661
BU20348284,2019-05-01,Salon Shampu- Long Beach,ChIJa7froT4x3YARt70P8qu37gQ,"422 E Broadway, Long Beach, CA 90802, USA",33.76913989999999,-118.1871288,,4.6,https://maps.google.com/?cid=355423369737256375,http://vonbrinkleydesign.com/salon-shampu/,(562) 544-0264
BU04035981,2019-05-01,J S Auto Services,ChIJuy684RUx3YARcOd9Q9DXF7U,"912 E 3rd St, Long Beach, CA 90802, USA",33.7706536,-118.1812478,,,https://maps.google.com/?cid=13049135734814795632,,(562) 436-1955
BU20249410,2019-05-01,Payless ShoeSource,ChIJBSpngTgx3YARHb5FsWU52qQ,"201 E 5th St, Long Beach, CA 90802, USA",33.7727982,-118.1904152,1,4.1,https://maps.google.com/?cid=11878870076071722525,https://www.payless.com/stores-location/CA-LONG-BEACH-3249.html,(562) 983-0701
BU03034792,2019-05-01,Tom Redgate Memorial Recovery Center,ChIJ4eoDB1cx3YARYUtBym5_H3A,"1775 Chestnut Ave, Long Beach, CA 90813, USA",33.7893609,-118.1967306,,4.6,https://maps.google.com/?cid=8079316370342366049,http://www.bhs-inc.org/,(562) 599-8444
BU20200351,2019-05-01,Blue Engravers Signs and Graphics,ChIJy6aXUqk23YARgezmjjShYqA,"1375 Caspian Ave, Long Beach, CA 90813, USA",33.783366,-118.212448,,4.7,https://maps.google.com/?cid=11556976840893983873,https://www.facebook.com/pages/Blue-Engravers/107356075989784,(562) 983-5140
BU20562010,2019-05-01,Firestone Complete Auto Care,ChIJHZupD0cx3YARhqfXNKvd45c,"636 Locust Ave, Long Beach, CA 90802, USA",33.7750641,-118.1909047,,3.8,https://maps.google.com/?cid=10944835246836131718,https://local.firestonecompleteautocare.com/california/long-beach/636-locust-ave/?utm_source=google&utm_medium=organic&utm_campaign=localmaps&lw_cmp=oloc_google_localmaps_maps,(562) 350-0155
BU20624250,2019-05-01,PCH Poultry & Market,ChIJZQ926lYx3YARbf23EgO2PfE,"1701 Magnolia Ave, Long Beach, CA 90813, USA",33.7880728,-118.1983301,,4.1,https://maps.google.com/?cid=17383250261035187565,http://pchpoultry.com/,(562) 436-6500
BU20124970,2019-05-01,L.B. Santa Fe Garage Auto Service,ChIJo-GcJKg23YARJgfLSnr-UH4,"1581 Santa Fe Ave, Long Beach, CA 90813, USA",33.7870036,-118.2159013,,4.7,https://maps.google.com/?cid=9102054648110057254,http://longbeachsantafegarage.com/,(562) 437-5426
BU03093780,2019-05-01,Hastings & Vaughan,ChIJCSYgMag23YARxqR2jJMxxxc,"1560 Santa Fe Ave, Long Beach, CA 90813, USA",33.78684,-118.21519,,,https://maps.google.com/?cid=1713392693024302278,https://hastingsandvaughan.com/,(562) 436-1011
BU20420170,2019-05-01,Camden Harbor View Apartments,ChIJx0MKuzAx3YARkG1OX83PfZI,"40 Cedar Walk, Long Beach, CA 90802, USA",33.7660196,-118.1952135,,4.1,https://maps.google.com/?cid=10555821582600531344,https://www.camdenliving.com/long-beach-ca-apartments/camden-harbor-view,(562) 495-2559
BU20420180,2019-05-01,Camden Harbor View Apartments,ChIJx0MKuzAx3YARkG1OX83PfZI,"40 Cedar Walk, Long Beach, CA 90802, USA",33.7660196,-118.1952135,,4.1,https://maps.google.com/?cid=10555821582600531344,https://www.camdenliving.com/long-beach-ca-apartments/camden-harbor-view,(562) 495-2559
BU04042640,2019-05-01,Family Pharmacy,ChIJw1bemewx3YARW9Y0_nWq0Gk,"1400 Atlantic Ave, Long Beach, CA 90813, USA",33.7838231,-118.1849398,,5,https://maps.google.com/?cid=7624781592891020891,http://familypharmacylongbeach.com/,(562) 591-4417
BU20520070,2019-05-01,The Funnel House,ChIJV26-_yQx3YAR9BxF_ADj5_M,"425 Shoreline Village Drive, Long Beach, CA 90802, USA",33.7604656,-118.1914336,,4.5,https://maps.google.com/?cid=17575265664208542964,http://thefunnelhouse.com/,(562) 901-1835
BU20546530,2019-05-01,Antonio's Barber Supply,ChIJP5uARkYx3YAR9o3cO9NrYN0,"742 Pine Ave, Long Beach, CA 90813, USA",33.7762001,-118.1921172,,4.4,https://maps.google.com/?cid=15951868435132878326,http://antoniosbarbersupply.com/,(562) 437-2305
BU20213750,2019-05-01,Minuteman Press,ChIJWyWT8Ecx3YARf8_4Q8MQq5w,"137 W 5th St, Long Beach, CA 90802, USA",33.7731037,-118.1933449,2,5,https://maps.google.com/?cid=11289135321779326847,http://www.longbeach.minutemanpress.com/,(562) 436-8500
BU20460250,2019-05-01,St Mary's Radiation Oncology,ChIJHckaCEQx3YARDp6nWpMiilc,"1043 Elm Ave #110, Long Beach, CA 90813, USA",33.7797101,-118.1883584,,,https://maps.google.com/?cid=6307892244362272270,,(562) 491-9890
BU20604240,2019-05-01,First Class Auto,ChIJV6K7Ulsx3YARecdGkFG8WsQ,"1400 Long Beach Boulevard, Long Beach, CA 90813, USA",33.7843514,-118.1890716,,5,https://maps.google.com/?cid=14148828237836765049,,(562) 218-5425
BU06082440,2019-05-01,Neuromedical Diagnostic Group,ChIJJzEPrukz3YAROEBV6XfRq14,"1045 Atlantic Ave #719, Long Beach, CA 90813, USA",33.780047,-118.185334,,3,https://maps.google.com/?cid=6821776373528739896,http://neurologymedicalgroup.com/,(562) 426-3656
BU20613160,2019-05-01,Shutts Fabricators,ChIJYdIpq6k23YARWM4_aJTILbg,"1632 W 15th St, Long Beach, CA 90813, USA",33.78545539999999,-118.2146318,,,https://maps.google.com/?cid=13271484216660446808,http://www.shuttsfab.com/,(562) 432-4648
BU20521921,2019-05-01,Maru Maki Sushi,ChIJR4Cr9z0x3YAR46nX9cIc7cM,"745 E Broadway, Long Beach, CA 90802, USA",33.7694787,-118.1825428,2,4.4,https://maps.google.com/?cid=14117972030550157795,,(562) 435-1847
BU20326390,2019-05-01,Johnny Rockets,ChIJrWDjtDkx3YARquC_Ga0IK1g,"245 Pine Ave #110, Long Beach, CA 90802, USA",33.7698844,-118.1925551,2,3.7,https://maps.google.com/?cid=6353181238890586282,https://johnnyrockets.com/locations/pine-court-long-beach-ca-usa,(562) 983-1332
BU20704730,2019-05-01,Poly Burgers,ChIJO7ZvxEIx3YARNk2yIC69etY,"1460 Atlantic Ave, Long Beach, CA 90813, USA",33.7847262,-118.1847681,1,4.5,https://maps.google.com/?cid=15454873077089979702,https://www.facebook.com/pages/Poly-Burgers/149814138396594,(562) 599-2826
BU20608350,2019-05-01,Cafe Sevilla,ChIJxfZ7lzkx3YARIzO7b3L1pqY,"140 Pine Ave, Long Beach, CA 90802, USA",33.7688329,-118.192308,2,4.2,https://maps.google.com/?cid=12008555328279622435,https://www.cafesevilla.com/,(562) 495-1111
BU20440250,2019-05-01,84 Welding Shop,ChIJG9RPXqY23YAR8bDcZhN2b00,"2129 W Anaheim St, Long Beach, CA 90813, USA",33.7827324,-118.2203289,,5,https://maps.google.com/?cid=5579808289037529329,,(562) 437-2819
BU20566330,2019-05-01,Harbor Custom Canvas,ChIJ8z2YT1Ix3YAROIz57ZPQqiw,"733 W Anaheim St, Long Beach, CA 90813, USA",33.7830693,-118.2029099,,3.3,https://maps.google.com/?cid=3218614217480965176,http://www.harborcustomcanvas.com/,(562) 436-7708
BU20042410,2019-05-01,Inn of Long Beach,ChIJn69m1D0x3YAR4FYqJwKFbQ4,"185 Atlantic Ave, Long Beach, CA 90802, USA",33.76911870000001,-118.1852685,,3.3,https://maps.google.com/?cid=1039633333285967584,http://www.innoflongbeach.com/,(562) 435-3791
BU20220880,2019-05-01,El Taco Loco #3,ChIJL3xHPlEx3YAR6339xHnF6jk,"1465 Magnolia Ave, Long Beach, CA 90813, USA",33.78556599999999,-118.1984032,,4.2,https://maps.google.com/?cid=4173365131498847723,,(562) 437-6228
BU20620710,2019-05-01,Viet Long Income Tax & Pro,ChIJPaIc1mkx3YARQioa_HC4MlE,"831 E Anaheim St, Long Beach, CA 90813, USA",33.7830574,-118.1824691,,5,https://maps.google.com/?cid=5850941661313116738,,(562) 599-1410
BU20722390,2019-05-01,Enjoy Hair & Nail,ChIJi8H_kEQx3YARtCYaaStN2Zc,"1236 Long Beach Boulevard, Long Beach, CA 90813, USA",33.78205440000001,-118.1891306,,4.6,https://maps.google.com/?cid=10941861618515584692,,(562) 436-6232
BU20712070,2019-05-01,Monica's Bakery,ChIJKUTQslox3YARfzhp5kmG_dI,"133 W Anaheim St, Long Beach, CA 90813, USA",33.7827489,-118.1933551,1,4.2,https://maps.google.com/?cid=15203455569029052543,https://monicas-bakery.business.site/,(562) 591-5450
BU20031320,2019-05-01,Nissi Beauty Salon,ChIJ3Z63eT4x3YARXR3OkgTNwG8,"220 Atlantic Ave, Long Beach, CA 90802, USA",33.7697609,-118.1847747,,4.8,https://maps.google.com/?cid=8052661553264991581,https://www.facebook.com/nissisalon/,(562) 326-6160
BU20330720,2019-05-01,Tugboat Pete's Hot Dog Stand,ChIJKf1sYiQx3YAR_EHpp142Omc,"421 Shoreline Village Dr, Long Beach, CA 90802, USA",33.7600905,-118.1918066,,4.6,https://maps.google.com/?cid=7438317514727703036,,(562) 436-4919
BU20461120,2019-05-01,European Auto Garage,ChIJNwzp_RUx3YARkBDva76wS-s,"820 E 3rd St, Long Beach, CA 90802, USA",33.770286,-118.182082,,4.2,https://maps.google.com/?cid=16954839554067468432,,(562) 432-7544
BU20710490,2019-05-01,Las Islitas Restaurant,ChIJVxWQI6g23YARQ2dFsx2oCzU,"1585 Santa Fe Ave, Long Beach, CA 90813, USA",33.7871655,-118.2156518,,4.4,https://maps.google.com/?cid=3822333554269185859,,(562) 436-2829
BU20712330,2019-05-01,T & Y Travel & Tax Services,ChIJY2jwbUAx3YARtwK2jzYzhz4,"629 E 7th St, Long Beach, CA 90813, USA",33.7755271,-118.18425,,,https://maps.google.com/?cid=4505626261639791287,,(562) 491-0320
BU20562980,2019-05-01,Long Beach Dairy & Spirits,ChIJRwhALz4x3YARe7qr2ue8ASU,"725 E 4th St, Long Beach, CA 90802, USA",33.77183,-118.1829761,,3.4,https://maps.google.com/?cid=2666620158372199035,,(562) 432-0219
BU20562150,2019-05-01,Quality Eye Care Optometry,ChIJ32hyuEcx3YARiAWG4n4CDoM,"619 Pine Ave, Long Beach, CA 90802, USA",33.77456460000001,-118.1925398,,4.2,https://maps.google.com/?cid=9443488212632077704,,(562) 366-0777
BU02038000,2019-05-01,Wayne Electric,ChIJacEEya423YARWwo4V9JiryY,"1560 W Anaheim St, Long Beach, CA 90813, USA",33.78233079999999,-118.2131422,,4.1,https://maps.google.com/?cid=2787555349911571035,http://wayneelectric.com/,(562) 432-0928
BU20539570,2019-05-01,Superior Electrical Advertising,ChIJDw8gS6823YARNjmWA9Q-zeU,"1700 W Anaheim St, Long Beach, CA 90813, USA",33.782428,-118.216121,,4.8,https://maps.google.com/?cid=16558960485225347382,http://www.superiorsigns.com/,(562) 495-3808
BU20343840,2019-05-01,Ice Cream & Frozen Yogurt On The Boardwalk,ChIJXci-9SQx3YARK2iVOA-3wtw,"429 Shoreline Village Drive, Long Beach, CA 90802, USA",33.7604416,-118.1913102,,4.4,https://maps.google.com/?cid=15907478109827721259,http://www.icecreamontheboardwalk.com/,(562) 495-0121
BU00067410,2019-05-01,Santa Fe Importers- Long Beach,ChIJ__-T66g23YARR074q-Bf024,"1401 Santa Fe Ave, Long Beach, CA 90813, USA",33.7839651,-118.2158609,2,4.7,https://maps.google.com/?cid=7985831982820511303,http://www.santafeimporters.com/,(562) 437-7775
BU21519410,2019-05-01,Quantum Sails SoCal,ChIJoeIdHKk23YARsEvwgycjfHY,"1620 W Cowles St, Long Beach, CA 90813, USA",33.78452650000001,-118.214367,,5,https://maps.google.com/?cid=8537737646211877808,https://www.quantumsails.com/lofts/socal,(562) 624-4325
BU97037700,2019-05-01,Industrial Tire Service Inc,ChIJ0_a2Zx003YAR76CzLJbtx_g,"2020 W 16th St, Long Beach, CA 90813, USA",33.7869886,-118.2191279,,4.7,https://maps.google.com/?cid=17926558071022395631,http://www.industrialtireservice.net/,(562) 495-9090
BU21512640,2019-05-01,Rocket Fuel,ChIJE7NOz6g23YARFvk4vnf8Ipk,"1701 W Anaheim St, Long Beach, CA 90813, USA",33.7831775,-118.2158506,,4.2,https://maps.google.com/?cid=11034659628233849110,,
BU21511570,2019-05-01,Cameron Welding Supply,ChIJ-Qa_rS8z3YARlw5r_kpuSts,"1690 Cota Ave, Long Beach, CA 90813, USA",33.787901,-118.216287,,3.8,https://maps.google.com/?cid=15801563510957870743,http://www.cameronwelding.com/,(562) 951-5818
BU21228980,2019-05-01,Shenanigans Irish Pub & Grille,ChIJTy8PYiQx3YAR8o3BIPDYd6E,"423 Shoreline Village Drive a, Long Beach, CA 90802, USA",33.7605676,-118.1911764,2,4.2,https://maps.google.com/?cid=11635006688188272114,http://shenaniganslb.com/,(562) 437-3734
BU21418260,2019-05-01,Kabala Tires,ChIJyWwgBa823YARI0yCKAiu3yQ,"1679 W 9th St, Long Beach, CA 90813, USA",33.7808243,-118.2151135,,5,https://maps.google.com/?cid=2657033655234481187,http://kabalatires.net/,(310) 896-7069
BU21126510,2019-05-01,West Coast Sandblasting,ChIJeVXH6Kc23YARNPJRT7SkYBc,"1516 Hayes Ave, Long Beach, CA 90813, USA",33.785906,-118.218397,,4,https://maps.google.com/?cid=1684527354968404532,http://wcsandblasting.net/,(562) 980-9272
BU20911550,2019-05-01,Residence Inn by Marriott Long Beach Downtown,ChIJI4d5ni0x3YARXtrTpQbUDT8,"600 Queensway Dr, Long Beach, CA 90802, USA",33.758684,-118.2012975,,4.4,https://maps.google.com/?cid=4543520724103715422,https://www.marriott.com/hotels/travel/lgbri-residence-inn-long-beach-downtown/?scid=bb1a189a-fec3-4d19-a255-54ba596febe2,(562) 495-0700
BU20911560,2019-05-01,Residence Inn by Marriott Long Beach Downtown,ChIJI4d5ni0x3YARXtrTpQbUDT8,"600 Queensway Dr, Long Beach, CA 90802, USA",33.758684,-118.2012975,,4.4,https://maps.google.com/?cid=4543520724103715422,https://www.marriott.com/hotels/travel/lgbri-residence-inn-long-beach-downtown/?scid=bb1a189a-fec3-4d19-a255-54ba596febe2,(562) 495-0700
BU21117270,2019-05-01,C&C Towing,ChIJ9deVUevKwoARXYJiV9q5nOQ,"1557 Cota Ave, Long Beach, CA 90813, USA",33.7866061,-118.2167992,,3.6,https://maps.google.com/?cid=16473245884434514525,https://towingcnc.com/,(562) 244-8407
BU21102720,2019-05-01,La Bonita Inn Motel Long Beach,ChIJG_5NYgI03YARN5fxK5uN7Ro,"1626 W Esther St, Long Beach, CA 90813, USA",33.78880409999999,-118.2144075,,3.3,https://maps.google.com/?cid=1940362712063252279,https://reservation.magnusonhotels.com/bbe/page1.aspx?pcode=M19660,(562) 436-5729
BU21129080,2019-05-01,Beto's Auto Body and Collision center,ChIJ42Pnn6k23YARQoUYy_vPt7g,"1541 W 15th St, Long Beach, CA 90813, USA",33.7858054,-118.2130575,,3.5,https://maps.google.com/?cid=13310335904067913026,,(562) 436-8090
BU95012320,2019-05-01,D J Auto Body Parts,ChIJUTN7I6823YAR5o79wZpuTew,"1130 Santa Fe Ave, Long Beach, CA 90813, USA",33.7815271,-118.215224,,4.2,https://maps.google.com/?cid=17027387377116352230,http://www.djautobodyparts.com/,(562) 599-1234
BU21032520,2019-05-01,Tepechi Birrieria,ChIJodaC8Kg23YARGR1alGtUBmo,"1430 Santa Fe Ave, Long Beach, CA 90813, USA",33.7845298,-118.2152786,2,4.5,https://maps.google.com/?cid=7639886638907792665,http://www.tepechirestaurant.com/,(562) 436-2848
BU20825760,2019-05-01,Long Beach Boat Rentals,ChIJJz6U6iQx3YARd8V4oVn1rc4,"401 Shoreline Village Drive, Long Beach, CA 90802, USA",33.76156279999999,-118.1902826,,3.6,https://maps.google.com/?cid=14892829308094039415,http://boats4rent.com/,(855) 690-0794
BU20903970,2019-05-01,Twisters & Coffee,ChIJYYJqYiQx3YARomqPi2oX4Qs,"419 Shoreline Village Dr, Long Beach, CA 90802, USA",33.760804,-118.1904362,,4.2,https://maps.google.com/?cid=855991150552509090,http://www.shorelinevillage.com/portfolio-item/twisters-coffee/,(562) 495-1060
BU20732680,2019-05-01,Saga,ChIJXci-9SQx3YARW__neCoKLYQ,"429 Shoreline Village Drive #K, Long Beach, CA 90802, USA",33.7600905,-118.1918066,,4.9,https://maps.google.com/?cid=9524279964491841371,http://www.sagaclothing.com/,(562) 436-0855
BU98025200,2019-05-01,Jon's Body Shop,ChIJJf0A9a423YARHGj2aawXwQw,"1556 W 11th St, Long Beach, CA 90813, USA",33.7805798,-118.2134272,,5,https://maps.google.com/?cid=919041828239861788,,(562) 435-5758
BU87030410,2019-05-01,Fiberglass Arts Body Shop,ChIJmRsku6k23YARt7Q2QJeWgp8,"1540 Canal Ave, Long Beach, CA 90813, USA",33.7862628,-118.2136941,,5,https://maps.google.com/?cid=11493914775364482231,,(562) 495-1113
BU97005870,2019-05-01,Hot Licks Long Beach,ChIJYYJqYiQx3YAREgf_iqk1lGs,"419 Shoreline Village Dr, Long Beach, CA 90802, USA",33.7607293,-118.1908251,,4.7,https://maps.google.com/?cid=7751879860909180690,http://www.hotlickssauces.com/,(562) 437-8774
BU21525244,2019-05-01,Ace of Paints,ChIJwaGxb6g23YARojKKy5e15ZU,"1493 Cota Ave, Long Beach, CA 90813, USA",33.7854906,-118.2167466,,3.7,https://maps.google.com/?cid=10801238944877523618,,(562) 495-6222
BU21608430,2019-05-01,Mr. & Mrs. Fire Extinguisher,ChIJsR4fOh003YARxCEQyXgh13g,"1724 Hayes Ave, Long Beach, CA 90813, USA",33.7887146,-118.2186289,,,https://maps.google.com/?cid=8707465207197213124,http://www.mrmrsfireexting.com/,(562) 522-3893
MJ21700700,2019-05-01,Chronic Pain Releaf Center,ChIJ6b5BW6g23YAR99vDGP-k2CY,"1501 Santa Fe Ave, Long Beach, CA 90813, USA",33.785492,-118.215804,,4.8,https://maps.google.com/?cid=2799168583949868023,http://chroniclb.com/,(562) 676-4242
BU21708534,2019-05-01,Budget Towing & Private Property Impound,ChIJVTgPCx003YARELiRU_epqAk,"2112 W 17th St, Long Beach, CA 90813, USA",33.788008,-118.2202502,,3.2,https://maps.google.com/?cid=695993022152816656,http://btstowing.net/,(562) 435-0103
BU21803780,2019-05-01,Advanced Registration Services,ChIJh9HkjW4t3YAREkHTyYw3ctM,"1700 Santa Fe Ave Ste 206, Long Beach, CA 90813, USA",33.7888706,-118.215211,,5,https://maps.google.com/?cid=15236301567168823570,http://advancedregistration.business.site/,(562) 395-4535
BU21800592,2019-05-01,Express Fumigation Inc.,ChIJl-FDGrg33YARMbBd6flwCPk,"1487 Cota Ave, Long Beach, CA 90813, USA",33.78544249999999,-118.2167438,,,https://maps.google.com/?cid=17944716933922140209,http://www.expressfumigation.net/,(562) 920-9400
BU21802316,2019-05-01,Beach Cities Wholesalers,ChIJB_GKFh003YARi_mgMQiTmww,"2021 W 17th St, Long Beach, CA 90813, USA",33.788408,-118.2192603,,5,https://maps.google.com/?cid=908481413246941579,https://beachcitieswholesalers.com/,(562) 355-4074
BU21802355,2019-05-01,Studebaker Restoration Ltd,ChIJ9S1U47A33YARw4MeQ--qgYk,"1408 Santa Fe Ave, Long Beach, CA 90813, USA",33.7840229,-118.2150613,,5,https://maps.google.com/?cid=9908388599791780803,http://studebakerrestorationltd.com/,(562) 676-4460
BU20653110,2019-05-01,Silva Truck & Auto Electric,ChIJE_4gZAI03YARlmW2mgdvv5g,"1618 W Esther St, Long Beach, CA 90813, USA",33.7888746,-118.2141696,,3.8,https://maps.google.com/?cid=11006638092767880598,,(562) 491-1988
BU21800522,2019-05-01,Find Your Feet Sock + Sandal Shop,ChIJocFbASUx3YARutS2c2DPWZ4,"419 Shoreline Village Dr ste a, Long Beach, CA 90802, USA",33.7604714,-118.1915572,,4.7,https://maps.google.com/?cid=11410379144085034170,http://www.findyourfeetonline.com/,(562) 273-1411
MJ21700353,2019-05-01,Long Beach Green Room,ChIJDVsLhA0x3YARwzDdshC4flA,"1735 E 7th St, Long Beach, CA 90813, USA",33.7755308,-118.1701624,,4.1,https://maps.google.com/?cid=5800275751959605443,http://lbgreenroom.com/,(562) 218-0021
BU20030610,2019-05-01,Club Tan Tanning Salon,ChIJ14G6O70x3YARWkY4rNdZttw,"3924 E Anaheim St, Long Beach, CA 90804, USA",33.7823558,-118.1464184,,4.7,https://maps.google.com/?cid=15903997916947695194,http://www.clubtans.com/,(562) 494-7151
BU20049130,2019-05-01,Vinh Heng Market,ChIJS4OXmnMx3YARv4sOoOATmn0,"2148 E Anaheim St, Long Beach, CA 90804, USA",33.7824893,-118.165637,,,https://maps.google.com/?cid=9050568256633342911,,(562) 434-6535
BU06066350,2019-05-01,Recreation Park 18 Golf Course,ChIJsb15mccx3YARxl1yhCL7Q6k,"5001 Deukmejian Dr, Long Beach, CA 90804, USA",33.78043750000001,-118.135305,,4.2,https://maps.google.com/?cid=12196868341518982598,http://www.recpark18.com/,(562) 494-4424
BU20605470,2019-05-01,Hot Java,ChIJQQIFzgUx3YARnw5ikmGtGhQ,"2101 E Broadway, Long Beach, CA 90803, USA",33.7670229,-118.1656355,1,4.5,https://maps.google.com/?cid=1448660864732368543,https://facebook.com/Hot-Java-100870703290538/,(562) 433-0688
BU20033951,2019-05-01,Pacific Coast Style,ChIJDa3gEikw3YAR-JdjspOwFjo,"6232 Pacific Coast Hwy, Long Beach, CA 90803, USA",33.76636709999999,-118.1173736,,4.9,https://maps.google.com/?cid=4185727052087007224,https://pacificcoaststyle.wixsite.com/marina,(562) 961-0148
BU03078940,2019-05-01,Golden Burger,ChIJt1MH2Qgx3YARCtUJjRDFRxs,"2301 E 4th St, Long Beach, CA 90814, USA",33.7718833,-118.1641444,1,4.3,https://maps.google.com/?cid=1965756437246891274,,(562) 434-2625
BU20428652,2019-05-01,Olives Gourmet Grocer,ChIJnSNy5awx3YARpfACrw3jT0U,"3510 E Broadway, Long Beach, CA 90803, USA",33.76432369999999,-118.1508017,,4.5,https://maps.google.com/?cid=4994460159687454885,http://www.olivesgourmetgrocer.com/,(562) 439-7758
BU04002280,2019-05-01,Joe Jost's,ChIJ2bCn3p8x3YARlbTilqcLkvI,"2803 E Anaheim St, Long Beach, CA 90804, USA",33.782909,-118.158728,1,4.7,https://maps.google.com/?cid=17479045918197200021,http://joejosts.com/,(562) 439-5446
BU20603290,2019-05-01,The Wine Crush,ChIJGfbtvKsx3YARWIXmbanw4ZU,"3131 E Broadway, Long Beach, CA 90803, USA",33.7647682,-118.1548499,2,4.7,https://maps.google.com/?cid=10800177991895123288,http://www.thewinecrush.com/,(562) 438-9463
BU20535520,2019-05-01,Enrique's Mexican Restaurant,ChIJkf5f3isw3YARN6srTO4ktTY,"6210 E Pacific Coast Hwy, Long Beach, CA 90803, USA",33.7666908,-118.1178907,2,4.5,https://maps.google.com/?cid=3942097654731483959,http://www.enriqueslongbeach.com/,(562) 498-3622
BU20425260,2019-05-01,Rafaella's beauty salon,ChIJ8xa37KYx3YARwET1FCmMk5A,"3136 E 7th St, Long Beach, CA 90804, USA",33.7751867,-118.1551044,,3.8,https://maps.google.com/?cid=10417824471111255232,,(562) 856-3737
BU20124980,2019-05-01,GE Auto Paints & Supplies,ChIJEaW9WHQx3YARBBgaLf7e9GU,"1707 E Anaheim St, Long Beach, CA 90813, USA",33.7827255,-118.170656,,4.1,https://maps.google.com/?cid=7346742075407865860,,(562) 433-0915
BU20541800,2019-05-01,Dr. Duggan & Associates,ChIJDTujZrox3YARnH1_oYvDAmU,"4137 E 7th St, Long Beach, CA 90804, USA",33.7755978,-118.143956,,3.7,https://maps.google.com/?cid=7278594952261500316,http://www.drdugganandassociates.com/,(562) 433-7652
BU20325040,2019-05-01,Linne's Fashion Boutique,ChIJL5m4NqIx3YAR5cFtDFXn4vM,"1090 Redondo Ave, Long Beach, CA 90804, USA",33.7806878,-118.1522911,,5,https://maps.google.com/?cid=17573863048419852773,,(562) 433-8709
BU20404710,2019-05-01,Spa Sidney Beauty Lounge,ChIJub7L5Kwx3YAR-q-AWHIdsjs,"3519 E Broadway, Long Beach, CA 90803, USA",33.7646456,-118.1507712,2,5,https://maps.google.com/?cid=4301532971040550906,http://www.spasidney.com/,(562) 433-9665
BU02073660,2019-05-01,Ghassem's Service Center,ChIJv8EC5eox3YARAFnZ66bGiU4,"1780 Clark Ave, Long Beach, CA 90815, USA",33.7894243,-118.1336073,,4.9,https://maps.google.com/?cid=5659272826991499520,,(562) 597-5683
BU20039460,2019-05-01,Lacey's Carpets,ChIJJye3O70x3YAR3cG2aER8IMo,"3922 E Anaheim St, Long Beach, CA 90804, USA",33.7824598,-118.1464844,,4.3,https://maps.google.com/?cid=14564777828172612061,http://www.laceyscarpets.com/,(562) 494-3444
BU20623640,2019-05-01,Apsara Beauty Salon,ChIJ07uce3Qx3YARJH7oB9RVCc0,"1305 Raymond Ave # B, Long Beach, CA 90804, USA",33.7829502,-118.1645458,,,https://maps.google.com/?cid=14774434421719727652,,(562) 439-2295
BU20100140,2019-05-01,Postal Central,ChIJkaR2zhAx3YARig3klofmSJw,"1218 E Broadway, Long Beach, CA 90802, USA",33.7682493,-118.1763066,,4.6,https://maps.google.com/?cid=11261504338266426762,,(562) 491-0975
BU20532260,2019-05-01,Payless Tobacco,ChIJxwfJVZ8x3YARutQHfySmMAs,"3290 E Anaheim St, Long Beach, CA 90804, USA",33.7812973,-118.1530405,,4,https://maps.google.com/?cid=806327008979571898,,(562) 433-6056
BU20566480,2019-05-01,Hacienda Grande Assisted Living,ChIJafkz_Jkx3YARUoLGCtaPQJc,"1740 Grand Ave, Long Beach, CA 90804, USA",33.7887564,-118.1478921,,3.8,https://maps.google.com/?cid=10898869247703155282,http://www.haciendagrandealf.com/,(562) 597-7753
BU20506750,2019-05-01,Deno's Pizza,ChIJd1FLOqIx3YARbsZJ_RGCZyw,"1100 Redondo Ave, Long Beach, CA 90804, USA",33.781028,-118.151954,2,4.3,https://maps.google.com/?cid=3199669074045552238,https://www.denospizzaoflongbeach.com/,(562) 987-2222
BU20506810,2019-05-01,Fibers and Floors,ChIJkXZmrVQw3YARSiceYVPHC9Q,"16 Coronado Ave, Long Beach, CA 90803, USA",33.7618979,-118.1539207,,,https://maps.google.com/?cid=15279525321710118730,http://www.fibersfloorsdesign.com/,(562) 355-0935
BU20616290,2019-05-01,Best Shoe Repair & Keys,ChIJUUTdW58x3YARQZxb0uHzIZo,"3203 E Anaheim St, Long Beach, CA 90804, USA",33.7829581,-118.1544586,,2.3,https://maps.google.com/?cid=11106426307294764097,,(562) 985-0442
BU02046870,2019-05-01,Town & Country Car Wash,ChIJb1HB69Ex3YARjYZ5IeGj-Gw,"5675 Pacific Coast Hwy, Long Beach, CA 90814, USA",33.7748097,-118.1216338,,4,https://maps.google.com/?cid=7852206137645041293,https://town-country-car-wash.business.site/,(562) 948-2575
BU20528920,2019-05-01,Blue Ribbon Cleaners,ChIJpZy3z6Ux3YARxtr5xITeutY,"640 Redondo Ave, Long Beach, CA 90814, USA",33.7745771,-118.1518567,,3.4,https://maps.google.com/?cid=15472924131606518470,,(562) 438-6878
BU20151821,2019-05-01,Gondolier Apartments,ChIJq_7-z88x3YARCuCyr4KOLIw,"5525 Pacific Coast Hwy, Long Beach, CA 90804, USA",33.777337,-118.124716,,3.3,https://maps.google.com/?cid=10100604756229808138,,(562) 498-1222
BU20308080,2019-05-01,Slice of Jamrica,ChIJ8dg8zxUx3YARZ1Ee81Fgvd8,"954 E 4th St, Long Beach, CA 90802, USA",33.7716028,-118.1801522,,5,https://maps.google.com/?cid=16122148146143711591,http://sliceofjamaica.com/,(562) 900-3778
BU20411081,2019-05-01,Carousel Preschool,ChIJPTvGAQ8x3YARY35uXodJcFo,"366 Cherry Ave, Long Beach, CA 90802, USA",33.7712561,-118.1675398,,4,https://maps.google.com/?cid=6516789506558819939,,(562) 434-1938
BU20123500,2019-05-01,Palazzo Realty Inc,ChIJQ5meGaUx3YARa3CwDnURD8s,"3700 E 7th St, Long Beach, CA 90804, USA",33.7752201,-118.1490036,,2.3,https://maps.google.com/?cid=14631932908805320811,https://www.palazzorealtyinc.com/,(562) 433-8994
BU20617490,2019-05-01,W P Watches & Jewelry Clinic,ChIJk13OAKIx3YARP1yN-CwRH0A,"3326 E Anaheim St, Long Beach, CA 90804, USA",33.7823243,-118.1528979,,4.7,https://maps.google.com/?cid=4620430627551665215,,(562) 986-9500
BU20527700,2019-05-01,Grace Hotel,ChIJPdZbkaEx3YAR-CP6adz4rTc,"1090 Obispo Ave, Long Beach, CA 90804, USA",33.7806416,-118.1545018,,2.8,https://maps.google.com/?cid=4012136468611474424,,(800) 947-7666
BU20656290,2019-05-01,Mink Quan Thai,ChIJ059p258x3YARfHEX5w859PA,"2821 E Anaheim St, Long Beach, CA 90804, USA",33.7827965,-118.1584705,,4.2,https://maps.google.com/?cid=17362565203884470652,,(562) 439-3008
BU02009281,2019-05-01,Argonne Motel,ChIJEdXj3hQx3YARCH12894a7NI,"1032 E 7th St, Long Beach, CA 90813, USA",33.7749807,-118.1793597,,3.1,https://maps.google.com/?cid=15198552387338272008,,(562) 437-4063
BU01032560,2019-05-01,Leon G Smith Accountancy Corporation,ChIJSTYB7box3YAR6CPOdZMcUhU,"4017 E 7th St, Long Beach, CA 90804, USA",33.77553109999999,-118.1453574,,,https://maps.google.com/?cid=1536321842548974568,,(562) 438-9991
BU20116990,2019-05-01,Mar Mel Inn ~ Bed & Breakfast for Dogs and Cats,ChIJ6eU3tZ8x3YARUxSHBLIOM3g,"1374 Gladys Ave, Long Beach, CA 90804, USA",33.7840026,-118.1574083,,3.8,https://maps.google.com/?cid=8661282666106524755,http://www.marmelinn.com/,(562) 439-2993
BU20513900,2019-05-01,Vitthara Tan Law Offices,ChIJbbiDnm4x3YARs6Ux30QeThE,"1360 E Anaheim St #201, Long Beach, CA 90813, USA",33.782197,-118.1744117,,5,https://maps.google.com/?cid=1246967427979388339,http://www.khmerattorney.com/,(562) 218-2400
BU20650900,2019-05-01,Ilda's Hair Design,ChIJu1xtBnIx3YARp6pmRxkhcBM,"1717 E Anaheim St, Long Beach, CA 90813, USA",33.78278619999999,-118.1704768,,4.6,https://maps.google.com/?cid=1400655876568033959,,(562) 218-6891
BU20039940,2019-05-01,Edith's Barber & Beauty Shop,ChIJ38G6pGkx3YARiwmvSrXvJOU,"1013 E Anaheim St, Long Beach, CA 90813, USA",33.7827181,-118.1802853,,4.1,https://maps.google.com/?cid=16511585695768185227,,(562) 599-0217
BU20640320,2019-05-01,Bourbon Street Liquor,ChIJPbBfAhMx3YAREn2CW5dd_LA,"1360 E 7th St, Long Beach, CA 90813, USA",33.775025,-118.173802,,3.9,https://maps.google.com/?cid=12753171149463125266,,(562) 437-6264
BU01022900,2019-05-01,The Salvation Army Family Store & Donation Center,ChIJi70DPGkx3YARpSAmwOnD17k,"1370 Alamitos Ave, Long Beach, CA 90813, USA",33.7835816,-118.1770241,,3.7,https://maps.google.com/?cid=13391387425727979685,https://satruck.org/,(562) 218-2355
BU20700180,2019-05-01,Metro by T-Mobile,ChIJq_I5-20x3YARytPXPIJaNWA,"1617 E Anaheim St, Long Beach, CA 90813, USA",33.7828611,-118.1714828,1,3.8,https://maps.google.com/?cid=6932546716819772362,https://www.metropcs.com/?cid=YEXT|GM-BD|Listings|Q119|Google|,(562) 591-9209
BU20724170,2019-05-01,Regal Tailoring & Regal Dry Cleaning,ChIJEdowMa8x3YARsjiB2XSY1Ds,"371 Redondo Ave A, Long Beach, CA 90814, USA",33.7707011,-118.1526527,,5,https://maps.google.com/?cid=4311238370933160114,,(562) 434-2131
BU20637960,2019-05-01,Pacific Coast Style,ChIJDa3gEikw3YAR-JdjspOwFjo,"6232 Pacific Coast Hwy, Long Beach, CA 90803, USA",33.76636709999999,-118.1173736,,4.9,https://maps.google.com/?cid=4185727052087007224,https://pacificcoaststyle.wixsite.com/marina,(562) 961-0148
BU20619680,2019-05-01,Daisy Flowers,ChIJg__wNQwx3YARAynrqNR_3Ho,"626 Cherry Ave, Long Beach, CA 90802, USA",33.7750785,-118.1675438,,4.9,https://maps.google.com/?cid=8853091518847330563,,(562) 434-7999
BU20713730,2019-05-01,Alex's Bar,ChIJ1bBKvp8x3YAR59EiENpiiU8,"2913 E Anaheim St, Long Beach, CA 90804, USA",33.7827625,-118.15739,1,4.5,https://maps.google.com/?cid=5731220689518776807,http://www.alexsbar.com/,(562) 434-8292
BU20718850,2019-05-01,Long Beach Dental,ChIJz3zmNREx3YARhieGGYM7YTQ,"308 Orange Ave, Long Beach, CA 90802, USA",33.7703015,-118.176357,,3.9,https://maps.google.com/?cid=3774363396968163206,http://www.atefrezkalla.com/,(562) 436-4214
BU20534810,2019-05-01,Rascals Teriyaki Grill,ChIJY_PsLd0x3YARGQzly1J8Dhg,"1760 N Bellflower Blvd, Long Beach, CA 90815, USA",33.7879999,-118.1237359,1,4.5,https://maps.google.com/?cid=1733459601634167833,http://www.rascalsteriyaki.com/,(562) 431-7777
BU20651460,2019-05-01,Bal Jagat - Children's World Inc.,ChIJ1xEXJMEx3YAR5kJdnA2TJqg,"5199 E Pacific Coast Hwy #204, Long Beach, CA 90804, USA",33.783216,-118.132547,,5,https://maps.google.com/?cid=12116533534154113766,http://www.baljagat.org/,(562) 597-5029
BU20706270,2019-05-01,New Generation Smoke Shop,ChIJJS6IvqIx3YAR304yf6CPnWo,"3735 E Anaheim St, Long Beach, CA 90804, USA",33.782993,-118.1485199,,4.1,https://maps.google.com/?cid=7682454458855476959,https://www.facebook.com/pages/New-Generation-Smoke-Shop/125421417511469,(562) 498-9140
BU20311830,2019-05-01,Jay's Hearing Aid Center,ChIJOy3fOqUx3YARHs6TjIgQirw,"3740 E 7th St, Long Beach, CA 90804, USA",33.77515379999999,-118.148215,,5,https://maps.google.com/?cid=13585689404576615966,,(562) 433-6701
BU20713450,2019-05-01,Belmont Shore Veterinary Hospital,ChIJsYi78Ssw3YARoalnGshkH6o,"6222 E Pacific Coast Hwy, Long Beach, CA 90803, USA",33.76646,-118.1177326,,4.6,https://maps.google.com/?cid=12258627521325017505,http://www.belmontshorevet.com/,(562) 961-0028
BU20566390,2019-05-01,TNT Hair & Nail,ChIJAXwv9gsx3YAR7xo3wobraLM,"2230 E 7th St, Long Beach, CA 90804, USA",33.7748542,-118.1651055,,4.5,https://maps.google.com/?cid=12927841694383545071,,(562) 434-6392
BU20660280,2019-05-01,Starling Diner,ChIJCQieyrMx3YARUJCgYfUkQUY,"4114 E 3rd St, Long Beach, CA 90814, USA",33.767982,-118.1443679,2,4.5,https://maps.google.com/?cid=5062368092464648272,http://starlingdiner.info/,(562) 433-2041
BU20447200,2019-05-01,The Finest Nails & Spa,ChIJf70Y2tMx3YARXK0qS-1MJwc,"5712 E 7th St, Long Beach, CA 90803, USA",33.774897,-118.1202264,,3.6,https://maps.google.com/?cid=515465264409259356,,(562) 494-7488
BU20648800,2019-05-01,Earl Jordan - State Farm Insurance Agent,ChIJSy62Hwcx3YARq2hlrRxDI0A,"2545 E Broadway, Long Beach, CA 90803, USA",33.7662029,-118.1617972,,3,https://maps.google.com/?cid=4621611433059510443,http://www.earljordan.com/?cmpid=lqp0_blm_0001,(562) 434-0911
BU20611040,2019-05-01,Mike's Auto Repair,ChIJn8fUUmkx3YAROE9X-xwUkAg,"1190 E Anaheim St, Long Beach, CA 90813, USA",33.78241329999999,-118.1768216,,4.5,https://maps.google.com/?cid=617015263658200888,,(562) 591-8208
BU20627050,2019-05-01,Merry's,ChIJEwJeUwcx3YARq5Vy9KNVzRQ,"2747 E Broadway, Long Beach, CA 90803, USA",33.7657855,-118.159691,,5,https://maps.google.com/?cid=1498948413653423531,http://www.merrys.biz/,(562) 987-4363
BU20708540,2019-05-01,Pan's Coach Craft,ChIJ44ukCXIx3YARBB6nxK2rh04,"1710 E Anaheim St, Long Beach, CA 90813, USA",33.78230819999999,-118.1706196,,5,https://maps.google.com/?cid=5658680219631296004,http://www.pccbodyshop.com/,(562) 599-7646
BU20108630,2019-05-01,Mkott Pich Jewelry,ChIJBWWamnMx3YAR5JjbQd3wj_8,"2120 E Anaheim St, Long Beach, CA 90804, USA",33.7822738,-118.1662663,,4.8,https://maps.google.com/?cid=18415202234424596708,,(562) 433-3530
BU20514601,2019-05-01,Anthony's Wigs,ChIJo-3Yd7cx3YARyfNb8fHn5sg,"4632 E 7th St, Long Beach, CA 90804, USA",33.77516769999999,-118.1386387,,5,https://maps.google.com/?cid=14476513078551507913,,(562) 438-0229
BU20147170,2019-05-01,Sherman Julie A DO,ChIJic4kQ5cx3YAR2dftnXF3BfE,"1703 Termino Ave # 209, Long Beach, CA 90804, USA",33.7882653,-118.1461045,,5,https://maps.google.com/?cid=17367418867888805849,,(562) 498-3002
BU20621200,2019-05-01,Aki Sushi Bar & Bai Plu Thai Restaurant,ChIJ-dCtfRIx3YARdWNRF1kmRWo,"1626 E 7th St, Long Beach, CA 90813, USA",33.7752183,-118.1713319,2,4.5,https://maps.google.com/?cid=7657568905498551157,http://baipluthai.com/,(562) 436-3123
BU20717700,2019-05-01,Ambiance Skin Care & Day Spa,ChIJ97g6NLAx3YARIvyTTN8jcM4,"3946 E 4th St, Long Beach, CA 90814, USA",33.7715561,-118.1462037,,4.3,https://maps.google.com/?cid=14875429011174194210,http://www.ambianceskincare.com/,(562) 621-1121
BU20707890,2019-05-01,Ambiance Skin Care & Day Spa,ChIJ97g6NLAx3YARIvyTTN8jcM4,"3946 E 4th St, Long Beach, CA 90814, USA",33.7715561,-118.1462037,,4.3,https://maps.google.com/?cid=14875429011174194210,http://www.ambianceskincare.com/,(562) 621-1121
BU20607830,2019-05-01,Rick Wicked's Smoke Shop,ChIJG-KIMKIx3YAREOblbERTjOU,"3410 E 11th St, Long Beach, CA 90804, USA",33.7806407,-118.1520956,,4.5,https://maps.google.com/?cid=16540687084774876688,,(562) 856-4919
BU20303930,2019-05-01,Broadway Donuts,ChIJy_uCMhcx3YAR3n2TQAv8rc4,"1200 E Broadway, Long Beach, CA 90802, USA",33.7683156,-118.1767331,1,4.7,https://maps.google.com/?cid=14892836668042345950,,(562) 432-6595
BU20710850,2019-05-01,ABC Wig Co Hair Design,ChIJwVZ5v3cx3YARc91YF4qoeOg,"2600 E Pacific Coast Hwy #140, Long Beach, CA 90804, USA",33.789677,-118.160547,,3.3,https://maps.google.com/?cid=16751324125055212915,,(562) 498-6036
BU20622580,2019-05-01,Image Rx,ChIJ427nYSkw3YARYFSoC9Noqv4,"6214 E Pacific Coast Hwy, Long Beach, CA 90803, USA",33.7666115,-118.1178136,,4.5,https://maps.google.com/?cid=18350594887317476448,http://www.image-rx.com/,(562) 961-3668
BU20642460,2019-05-01,US Liquor,ChIJiV5Ge3ox3YARhBM-VXt9hZY,"2002 Pacific Coast Hwy, Long Beach, CA 90804, USA",33.789587,-118.1672538,,4.2,https://maps.google.com/?cid=10846213246256288644,https://us-liquor.business.site/,(562) 438-8125
BU20626360,2019-05-01,Tap's Auto Repair Center,ChIJYSODCHEx3YARnT9VOz_8eOk,"1490 Cherry Ave, Long Beach, CA 90813, USA",33.786012,-118.1673085,,4.6,https://maps.google.com/?cid=16823473756551069597,,(562) 434-8958
BU20339480,2019-05-01,Independent Auto Repair Center,ChIJPaVriHAx3YAR1mhw9imUGEQ,"1719 Cherry Ave, Long Beach, CA 90813, USA",33.7884579,-118.167945,,4.8,https://maps.google.com/?cid=4906834701969287382,,(562) 599-5414
BU20339500,2019-05-01,Ampwerx Repair,ChIJxTXmTAwx3YARs-XDB1yNx9Y,"1935 E 7th St, Long Beach, CA 90813, USA",33.7756053,-118.1678094,,4.4,https://maps.google.com/?cid=15476494070888785331,http://www.ampwerxrepair.com/,(562) 591-1423
BU03055430,2019-05-01,Great Beginnings Inc.,ChIJ1YPcLKYx3YARY-rT1vIOjog,"3027 E 4th St, Long Beach, CA 90814, USA",33.7719007,-118.1561214,,5,https://maps.google.com/?cid=9839818672000199267,http://www.gbpreschool.com/,(562) 434-2545
BU20021800,2019-05-01,Phoenix Property Management,ChIJ45fuNq8x3YARyQdSbJfZuqE,"359 Redondo Ave, Long Beach, CA 90814, USA",33.7703427,-118.1526566,,5,https://maps.google.com/?cid=11653866230155184073,http://www.phoenixlongbeach.com/,(562) 856-7476
BU20607570,2019-05-01,Bixby Village Golf Course,ChIJTSjjkiow3YAREx7PDVW0VSw,"6180 Bixby Village Dr, Long Beach, CA 90803, USA",33.7694454,-118.1144777,,3.8,https://maps.google.com/?cid=3194657788086132243,http://www.bixbyvillagegolfcourse.com/,(562) 498-7003
BU20607580,2019-05-01,Bixby Village Golf Course,ChIJTSjjkiow3YAREx7PDVW0VSw,"6180 Bixby Village Dr, Long Beach, CA 90803, USA",33.7694454,-118.1144777,,3.8,https://maps.google.com/?cid=3194657788086132243,http://www.bixbyvillagegolfcourse.com/,(562) 498-7003
BU20437640,2019-05-01,Assumption of the Blessed Virgin Mary,ChIJhXO9TdMx3YARxdaudhRRmoU,"5761 E Colorado St, Long Beach, CA 90814, USA",33.77020019999999,-118.1184872,,4.8,https://maps.google.com/?cid=9627096301790222021,http://www.assumptionlb.org/,(562) 494-8929
BU20539740,2019-05-01,Marlora Post Acute Rehabilitation Hospital,ChIJIQJKkaIx3YARcfXDQYcFih8,"3801 E Anaheim St, Long Beach, CA 90804, USA",33.78273889999999,-118.1478748,,3.7,https://maps.google.com/?cid=2272635040443921777,,(562) 494-3311
BU20318770,2019-05-01,Fashion Nails,ChIJe42szLYx3YARCnPK60gFk9I,"396 Ximeno Ave, Long Beach, CA 90814, USA",33.7714265,-118.1414341,,3.7,https://maps.google.com/?cid=15173477380293030666,,(562) 438-6949
BU20206360,2019-05-01,Little John's Family Hair Styling,ChIJYb-NSCEu3YARe4MUa0tPkgQ,"1818 Palo Verde Ave, Long Beach, CA 90815, USA",33.7893864,-118.1075334,,4.9,https://maps.google.com/?cid=329412908089115515,,(562) 596-8877
BU21435310,2019-05-01,Cesar's Bistro,ChIJzWh25Ssw3YARy-Ffwfd0NHo,"6240 E Pacific Coast Hwy, Long Beach, CA 90803, USA",33.7664287,-118.1171901,2,4.7,https://maps.google.com/?cid=8805791778866192843,http://www.cesarsbistro.com/,(562) 494-1000
BU21520710,2019-05-01,Pacific Coast Style,ChIJDa3gEikw3YAR-JdjspOwFjo,"6232 Pacific Coast Hwy, Long Beach, CA 90803, USA",33.76636709999999,-118.1173736,,4.9,https://maps.google.com/?cid=4185727052087007224,https://pacificcoaststyle.wixsite.com/marina,(562) 961-0148
BU21002090,2019-05-01,ohso! design,ChIJR6A_G0ow3YARq4ItpbXvLTg,"203 Argonne Ave, Long Beach, CA 90803, USA",33.7613851,-118.1365662,,,https://maps.google.com/?cid=4048155203515286187,http://www.ohsodesign.com/,(562) 787-9444
BU21515770,2019-05-01,Alexander Foot & Ankle Care,ChIJGXqi0cIx3YARPhT-wSevi5Q,"1777 N Bellflower Blvd #209, Long Beach, CA 90815, USA",33.787569,-118.1244305,,,https://maps.google.com/?cid=10703841524669355070,http://footfixer.net/,(562) 986-9090
BU21326190,2019-05-01,Zensations Massage,ChIJJQ2F0cIx3YARiHgvn4qvJQk,"1777 N Bellflower Blvd Suite103, Long Beach, CA 90815, USA",33.78759,-118.124374,,,https://maps.google.com/?cid=659125930390681736,http://www.zensationsmassage.massagetherapy.com/,(562) 716-4018
BU21511740,2019-05-01,Pacific Coast Style,ChIJDa3gEikw3YAR-JdjspOwFjo,"6232 Pacific Coast Hwy, Long Beach, CA 90803, USA",33.76636709999999,-118.1173736,,4.9,https://maps.google.com/?cid=4185727052087007224,https://pacificcoaststyle.wixsite.com/marina,(562) 961-0148
BU21027650,2019-05-01,Pacific Coast Style,ChIJDa3gEikw3YAR-JdjspOwFjo,"6232 Pacific Coast Hwy, Long Beach, CA 90803, USA",33.76636709999999,-118.1173736,,4.9,https://maps.google.com/?cid=4185727052087007224,https://pacificcoaststyle.wixsite.com/marina,(562) 961-0148
BU21506410,2019-05-01,Trusted Life Care,ChIJjdwn08Ix3YAR4t1GmJRX8cs,"1777 N Bellflower Blvd #207, Long Beach, CA 90815, USA",33.787616,-118.124082,,4.8,https://maps.google.com/?cid=14695623354808196578,http://www.trustedlifecare.com/,(562) 498-7700
BU21421640,2019-05-01,Ortho Mattress,ChIJzWh25Ssw3YARWNm9maZyGLk,"6252 E Pacific Coast Hwy, Long Beach, CA 90803, USA",33.766263,-118.116881,,4.7,https://maps.google.com/?cid=13337536356327217496,https://www.orthomattress.com/stores/ca/long-beach/13,(562) 473-4855
BU21308890,2019-05-01,The Ticket Clinic,ChIJD0jO4NEx3YARqsgZSRopHnw,"5595 E 7th St, Long Beach, CA 90804, USA",33.7755156,-118.1236335,,4,https://maps.google.com/?cid=8943631102876698794,https://www.ticketclinic.com/locations/long_beach,(562) 314-3970
BU21439110,2019-05-01,The Vitamin Shoppe,ChIJOT_K89Ex3YARrJIyN2xWNj4,"5600 E 7th St, Long Beach, CA 90804, USA",33.7750972,-118.1228517,1,4.4,https://maps.google.com/?cid=4482865501876425388,https://locations.vitaminshoppe.com/ca/longbeach/vitamins-supplements-long-beach-ca-322.html?utm_source=gmb&utm_medium=local,(562) 494-3804
BU21422350,2019-05-01,Pacific Coast Style,ChIJDa3gEikw3YAR-JdjspOwFjo,"6232 Pacific Coast Hwy, Long Beach, CA 90803, USA",33.76636709999999,-118.1173736,,4.9,https://maps.google.com/?cid=4185727052087007224,https://pacificcoaststyle.wixsite.com/marina,(562) 961-0148
BU21429490,2019-05-01,Eat Freely Nutrition,ChIJ22kRKcEx3YARVVUCEmYKkR4,"1777 N Bellflower Blvd #205, Long Beach, CA 90815, USA",33.787569,-118.1244306,,5,https://maps.google.com/?cid=2202553126265967957,http://www.eatfreelynutrition.com/,(562) 298-0042
BU90072750,2019-05-01,Los Altos Family YMCA,ChIJQwYCKN0x3YARxJ_jGdw-1wY,"1720 N Bellflower Blvd, Long Beach, CA 90815, USA",33.7875309,-118.1233706,,4.3,https://maps.google.com/?cid=492931799268433860,http://lbymca.org/,(562) 596-3394
BU21329520,2019-05-01,Lavender Nails & Spa,ChIJ5zLj5ysw3YAR7m-pv0kvd5Y,"6242 Pacific Coast Hwy, Long Beach, CA 90803, USA",33.7664586,-118.116703,,4.8,https://maps.google.com/?cid=10842186621712429038,,(562) 494-4632
BU21239290,2019-05-01,Star Dental,ChIJJQ2F0cIx3YARgRQbVDsDVEU,"1777 N Bellflower Blvd #204, Long Beach, CA 90815, USA",33.7875661,-118.1244375,,,https://maps.google.com/?cid=4995621440009737345,http://www.smilesbydrlam.com/,(562) 597-8104
BU21306080,2019-05-01,Picarelli's,ChIJP4Xc6Ssw3YARd2aBMG6wTyg,"6204 E Pacific Coast Hwy, Long Beach, CA 90803, USA",33.76684279999999,-118.1179637,2,4.4,https://maps.google.com/?cid=2904734271983937143,http://www.picarellis.com/,(562) 986-5280
BU21301880,2019-05-01,Sapporo Sushi,ChIJRw6LydMx3YARrQUTjlXtHMY,"5735 Pacific Coast Hwy, Long Beach, CA 90803, USA",33.77383520000001,-118.1193704,2,4.3,https://maps.google.com/?cid=14275545870569244077,http://www.mysapporosushi.com/,(562) 597-6778
BU21231380,2019-05-01,Lavender Nails & Spa,ChIJ5zLj5ysw3YAR7m-pv0kvd5Y,"6242 Pacific Coast Hwy, Long Beach, CA 90803, USA",33.7664586,-118.116703,,4.8,https://maps.google.com/?cid=10842186621712429038,,(562) 494-4632
BU21224010,2019-05-01,Coast Hand Car Wash & Detail Center,ChIJcU7VhNEx3YARQ-UVAWgvGcM,"5677 E 7th St, Long Beach, CA 90804, USA",33.775691,-118.1217451,,4.1,https://maps.google.com/?cid=14058319835555030339,,(562) 961-5555
BU21217090,2019-05-01,R C Endodontics,ChIJJQ2F0cIx3YARaxshUc3c7-s,"1777 N Bellflower Blvd, Long Beach, CA 90815, USA",33.787569,-118.1244306,,,https://maps.google.com/?cid=17001049892734442347,http://www.rcendodontics.com/,(562) 494-9090
BU21123420,2019-05-01,Student Recreation and Wellness Center,ChIJ5ylEUiYu3YAR6qKafCFiPb4,"1401 Palo Verde Ave, Long Beach, CA 90815, USA",33.7852878,-118.1083302,,4.7,https://maps.google.com/?cid=13708220736749609706,http://www.asirecreation.org/,(562) 985-0775
BU20943420,2019-05-01,Glass Chamber Smoke Shop,ChIJ90rmL9Ix3YAREesp35a9u3c,"5660 Pacific Coast Hwy, Long Beach, CA 90814, USA",33.77445120000001,-118.121863,,4.3,https://maps.google.com/?cid=8627697966845127441,,(562) 597-4585
BU21129320,2019-05-01,ELECTROLYSIS BY CINDY,ChIJGXqi0cIx3YARTeEAwzBaEag,"1777 N Bellflower Blvd #105, Long Beach, CA 90815, USA",33.787569,-118.1244305,,,https://maps.google.com/?cid=12110560038452519245,http://electrolysisbycindy.com/,(714) 658-0825
BU20914710,2019-05-01,Great Mex Grill Long Beach,ChIJ5Q4UNt0x3YARUTzK9zvf9_I,"5530 E Atherton St, Long Beach, CA 90815, USA",33.7884627,-118.1236162,1,4.5,https://maps.google.com/?cid=17507707525079383121,http://www.greatmexgrill.com/,(562) 493-4761
BU20840630,2019-05-01,Zarzana Chiropractic Inc.,ChIJJQ2F0cIx3YARj1bVX40aGu0,"1777 N Bellflower Blvd # 109, Long Beach, CA 90815, USA",33.7876162,-118.1240823,,5,https://maps.google.com/?cid=17084997330883925647,http://www.zarzanachiropractic.com/,(562) 498-4455
BU91008370,2019-05-01,Around the Corner Liquor,ChIJ4XhuOCEu3YAR3IcR1hUMmm4,"1818 Palo Verde Ave, Long Beach, CA 90815, USA",33.78951300000001,-118.1077082,,4.6,https://maps.google.com/?cid=7969695778510833628,http://www.bouassi4.wixsite.com/aroundthecorner,(562) 431-1162
BU97016700,2019-05-01,Marina Tobacco Inc,ChIJW1iHBCkw3YARv_oo9U5ih9c,"6244 E Pacific Coast Hwy, Long Beach, CA 90803, USA",33.76628659999999,-118.1170774,,5,https://maps.google.com/?cid=15530489931270519487,,(562) 597-0095
BU88043870,2019-05-01,Audio Concepts,ChIJIdHbESkw3YAR282TF4RLuVk,"6236 E Pacific Coast Hwy, Long Beach, CA 90803, USA",33.7664347,-118.1172694,,4.8,https://maps.google.com/?cid=6465281770770386395,http://www.audioconceptsinc.com/,(562) 597-5450
BU93043770,2019-05-01,"Steven L. Pakiz, DDS",ChIJJQ2F0cIx3YARcDvthVoh_GU,"1777 N Bellflower Blvd Suite 213, Long Beach, CA 90815, USA",33.7876162,-118.1240823,,5,https://maps.google.com/?cid=7348785364639497072,http://longbeachdentalhealth.com/,(562) 597-7830
BU21523268,2019-05-01,Nordstrom Rack Marina Pacifica Mall,ChIJhSFwligw3YARP82Hzq8Qd-k,"6274 E Pacific Coast Hwy, Long Beach, CA 90803, USA",33.7617429,-118.1165637,,4.3,https://maps.google.com/?cid=16822933280336104767,https://stores.nordstromrack.com/us/ca/long-beach/6274-east-pacific-coast-highway?utm_source=google&utm_medium=organic&utm_campaign=rack&utm_content=165&utm_channel=lcl_acq_p&sp_source=google&sp_campaign=rack,(562) 546-6100
BU21524084,2019-05-01,Skin So Fancy,ChIJTZBXNN0x3YAR9etYqqE2HPM,"1777 N Bellflower Blvd Suite 103, Long Beach, CA 90815, USA",33.7876162,-118.1240823,,,https://maps.google.com/?cid=17517936718539975669,http://www.skinsofancy.com/,(562) 745-9882
BU21523410,2019-05-01,Afters Ice Cream,ChIJ69PP0NMx3YARKqc76XqIlD4,"5708 E 7th St, Long Beach, CA 90803, USA",33.7748258,-118.1204402,1,4.6,https://maps.google.com/?cid=4509379188385097514,http://aftersicecream.com/,
BU21525759,2019-05-01,The Skin Gallery,ChIJGYke08Ix3YARJGky9Hn-2IY,"1777 N Bellflower Blvd Suite 105, Long Beach, CA 90815, USA",33.787616,-118.124082,,,https://maps.google.com/?cid=9716795995793287460,http://theskingallerylb.com/,(562) 607-1489
BU21525707,2019-05-01,Home Instead Senior Care,ChIJTZBXNN0x3YARWkWTgJs79Q4,"5500 E Atherton St Suite 216, Long Beach, CA 90815, USA",33.788323,-118.123808,,4.7,https://maps.google.com/?cid=1077833224888206682,https://www.homeinstead.com/275?utm_source=google&utm_medium=organic&utm_campaign=gmb,(562) 596-4884
BU21700288,2019-05-01,Hudavi Wellness Spa,ChIJ4cZX4tEx3YARf6XCQkz1TQY,"5550 E 7th St, Long Beach, CA 90804, USA",33.77503970000001,-118.1238632,,5,https://maps.google.com/?cid=454288845320660351,http://www.hudaviwellness.com/,(562) 433-2177
BU21701991,2019-05-01,Skin So Fancy,ChIJTZBXNN0x3YAR9etYqqE2HPM,"1777 N Bellflower Blvd Suite 103, Long Beach, CA 90815, USA",33.7876162,-118.1240823,,,https://maps.google.com/?cid=17517936718539975669,http://www.skinsofancy.com/,(562) 745-9882
BU21702697,2019-05-01,Corner Joy nails and spa,ChIJva90RiEu3YAR-EP2-MYTpNI,"1818 Palo Verde Ave suite b, Long Beach, CA 90815, USA",33.7893864,-118.1075334,,4.4,https://maps.google.com/?cid=15178278389446755320,,(562) 588-9167
BU21701538,2019-05-01,The Oriana Shea Group,ChIJ28LvGc4x3YAR5TfCNJd6_2U,"5534 E 7th St, Long Beach, CA 90804, USA",33.7751576,-118.1246512,,4.8,https://maps.google.com/?cid=7349727906735732709,https://www.orianashea.com/,(562) 270-1775
BU21702296,2019-05-01,Zensations Massage,ChIJJQ2F0cIx3YARiHgvn4qvJQk,"1777 N Bellflower Blvd Suite103, Long Beach, CA 90815, USA",33.78759,-118.124374,,,https://maps.google.com/?cid=659125930390681736,http://www.zensationsmassage.massagetherapy.com/,(562) 716-4018
BU21706404,2019-05-01,Recharge Therapy,ChIJGYke08Ix3YARO_uCHm0ZLwQ,"1777 N Bellflower Blvd Suite 205, Long Beach, CA 90815, USA",33.787616,-118.124082,,5,https://maps.google.com/?cid=301487656511142715,http://www.rechargetherapy.com/,(562) 285-3449
BU21702252,2019-05-01,Sterling Touch Massage Therapy,ChIJsY7ZZbox3YARJvhNZY-A8nk,"1777 N Bellflower Blvd Suite 103, Long Beach, CA 90815, USA",33.7876162,-118.1240823,,5,https://maps.google.com/?cid=8787227176321546278,http://www.sterlingtouchmassagetherapy.com/,(562) 597-4862
BU21708761,2019-05-01,Optometry Store: Dr. Tania Stevens,ChIJZWP47J0x3YAR-fBgO-xSM_Q,"5724 E 7th St, Long Beach, CA 90803, USA",33.7747342,-118.1199452,,4.9,https://maps.google.com/?cid=17596499343628628217,https://www.optometrystore.com/,(562) 986-6373
BU21605122,2019-05-01,Malama Healing Center,ChIJGYke08Ix3YARa1703dkKhZo,"1777 N Bellflower Blvd Ste 107, Long Beach, CA 90815, USA",33.7876162,-118.1240823,,4.5,https://maps.google.com/?cid=11134317584591380075,,(562) 999-4756
BU21701315,2019-05-01,Little Gem Nutrition & Wellness,ChIJobLrL9Ix3YARdS_fsQFMU44,"5660 Pacific Coast Hwy suite E, Long Beach, CA 90814, USA",33.7743692,-118.1218182,,5,https://maps.google.com/?cid=10255624346615623541,,(562) 357-8374
BU21704055,2019-05-01,Golden Sails Hotel,ChIJh-Hqeykw3YARw3N-8vTCBGM,"6285 E Pacific Coast Hwy, Long Beach, CA 90803, USA",33.765326,-118.1156944,,3.9,https://maps.google.com/?cid=7135042066957890499,https://www.goldensailshotel.com/,(562) 596-1631
BU21704057,2019-05-01,Golden Sails Hotel,ChIJh-Hqeykw3YARw3N-8vTCBGM,"6285 E Pacific Coast Hwy, Long Beach, CA 90803, USA",33.765326,-118.1156944,,3.9,https://maps.google.com/?cid=7135042066957890499,https://www.goldensailshotel.com/,(562) 596-1631
BU21601919,2019-05-01,East Coast Bagel,ChIJBYdOltMx3YARxvtqKP5kuxg,"5753 Pacific Coast Hwy, Long Beach, CA 90803, USA",33.7736639,-118.1194035,,4.5,https://maps.google.com/?cid=1782129120317733830,,(562) 985-0933
BU21602138,2019-05-01,Montessori Children's House,ChIJcWuJjsIx3YARyz0M1gzEn7w,"5454 E Atherton St, Long Beach, CA 90815, USA",33.787686,-118.1256692,,4.5,https://maps.google.com/?cid=13591797759837224395,http://www.montessorischoollb.com/,(562) 494-3777
BU21603440,2019-05-01,"Amanda Sauceda, MS, RDN, CLT",ChIJFXqi0cIx3YARb4jPhaZpjGE,"1777 N Bellflower Blvd #205, Long Beach, CA 90815, USA",33.787569,-118.1244306,,,https://maps.google.com/?cid=7029109282348959855,http://amandasauceda.com/,(562) 281-5125
BU21803664,2019-05-01,Rock The Glow Spa,ChIJGYke08Ix3YARNF5RLBq6dBw,"1777 N Bellflower Blvd Suite # 113, Long Beach, CA 90815, USA",33.7876162,-118.1240823,,5,https://maps.google.com/?cid=2050468351935864372,http://rocktheglowspa.com/,(562) 716-8767
BU21805355,2019-05-01,Hudavi Wellness Spa,ChIJ4cZX4tEx3YARf6XCQkz1TQY,"5550 E 7th St, Long Beach, CA 90804, USA",33.77503970000001,-118.1238632,,5,https://maps.google.com/?cid=454288845320660351,http://www.hudaviwellness.com/,(562) 433-2177
BU21801146,2019-05-01,Ike's Love and Sandwiches,ChIJh4pOSMAx3YARlQz7wNsmZqw,"4901, 5745 Pacific Coast Hwy, Long Beach, CA 90803, United States",33.7738029,-118.119295,,4.6,https://maps.google.com/?cid=12422659347425463445,http://www.loveandsandwiches.com/,(562) 498-0304
BU21803665,2019-05-01,Body Retreat Spa,ChIJ50fv-AMx3YARd3A5mupzUws,"1777 N Bellflower Blvd, Long Beach, CA 90815, USA",33.7876162,-118.1240823,,5,https://maps.google.com/?cid=816123408931188855,https://bodyretreatspa7.wixsite.com/bodyretreatspa-7,(562) 659-0820
BU21802848,2019-05-01,AP Lashes + Brows,ChIJb6_CaTQx3YARoDH9URveiF8,"1777 N Bellflower Blvd Suite 202, Long Beach, CA 90815, USA",33.7876162,-118.1240823,,5,https://maps.google.com/?cid=6883996239356834208,http://aplashesandbrows.com/,(562) 444-5160
BU21803166,2019-05-01,Emigh Dental Care,ChIJTZBXNN0x3YARRNxM96yAGAQ,"5500 E Atherton St #430, Long Beach, CA 90815, USA",33.788303,-118.123908,,4.9,https://maps.google.com/?cid=295127255964507204,http://www.emighdentalcare.com/,(562) 493-2401
BU21850921,2019-05-01,Pacific Coast Style,ChIJDa3gEikw3YAR-JdjspOwFjo,"6232 Pacific Coast Hwy, Long Beach, CA 90803, USA",33.76636709999999,-118.1173736,,4.9,https://maps.google.com/?cid=4185727052087007224,https://pacificcoaststyle.wixsite.com/marina,(562) 961-0148
BU00078100,2019-05-01,Long Beach Yacht Club,ChIJmQ6lSSAw3YARK_srwLBL7zw,"6201 Appian Way, Long Beach, CA 90803, USA",33.7529669,-118.1138527,,4.6,https://maps.google.com/?cid=4390811384219958059,http://www.lbyc.org/,(562) 598-9401
BU20350312,2019-05-01,D'Aversa The Salon,ChIJt98ALtkv3YARf4SlVQDmhRc,"6477 Pacific Coast Hwy, Long Beach, CA 90803, USA",33.757684,-118.108199,,4.6,https://maps.google.com/?cid=1695013723886158975,http://daversasalons.com/,(562) 795-5885
BU20557440,2019-05-01,THAIRAPY Salon and Spa,ChIJ2cVcPx4w3YARae_L6PZ4oM0,"120 Marina Dr, Long Beach, CA 90803, USA",33.74682759999999,-118.114892,,5,https://maps.google.com/?cid=14816975775911898985,http://www.thairapysalonlongbeach.com/,(562) 430-2355
BU06023420,2019-05-01,West Marine,ChIJyR2wo-Av3YAR5UBXpc4kmxU,"251 N Marina Dr, Long Beach, CA 90803, USA",33.7524272,-118.1080314,2,4,https://maps.google.com/?cid=1556878566142460133,https://www.westmarine.com/stores/long-beach-ca-12,(562) 598-9400
BU06050910,2019-05-01,Club Ripples,ChIJwcGHikgw3YARHOqBDHyTR0o,"5101 E Ocean Blvd, Long Beach, CA 90803, USA",33.7564083,-118.1383945,2,3.9,https://maps.google.com/?cid=5352408843148192284,http://www.clubripples.com/,(562) 433-0357
BU20708470,2019-05-01,All About You Face & Body Care,ChIJIeVYQiQw3YARxu2whROGOD4,"5870 E Naples Plaza, Long Beach, CA 90803, USA",33.7554193,-118.1197421,,5,https://maps.google.com/?cid=4483480847452794310,http://www.pzskin.com/,(562) 818-2845
BU20244890,2019-05-01,Eliza,ChIJCWSb8SMw3YARFNmeWQgsvSs,"5914 E Naples Plaza, Long Beach, CA 90803, USA",33.7545434,-118.1191246,,,https://maps.google.com/?cid=3151723728604158228,,(562) 434-2923
BU20601090,2019-05-01,Molly Moon Salon,ChIJB4AB9Ugw3YARYTmMMM9sqH8,"5039 E Ocean Blvd, Long Beach, CA 90803, USA",33.7565081,-118.1387116,,5,https://maps.google.com/?cid=9198721876032764257,,(562) 439-7706
BU20659010,2019-05-01,United States Sailing Center,ChIJy5rRATww3YARJsWJ8l0vn0o,"5489 E Ocean Blvd, Long Beach, CA 90803, USA",33.7518703,-118.1290085,,4.5,https://maps.google.com/?cid=5377068560651240742,http://www.ussclb.org/,(562) 433-7939
BU20201730,2019-05-01,Bungalow Bay,ChIJa4GVKN8v3YARCaK1ivweUfU,"6457 Pacific Coast Hwy, Long Beach, CA 90803, USA",33.75733840000001,-118.1088209,,4.1,https://maps.google.com/?cid=17676944082413658633,,(562) 596-1839
BU06073530,2019-05-01,AMC Marina Pacifica 12,ChIJWZXS_ygw3YARH5BC9TG5saM,"6346 E Pacific Coast Hwy, Long Beach, CA 90803, USA",33.7592918,-118.1142356,,4.5,https://maps.google.com/?cid=11795412523279355935,https://www.amctheatres.com/movie-theatres/los-angeles/amc-marina-pacifica-12,(562) 430-8790
BU06073540,2019-05-01,AMC Marina Pacifica 12,ChIJWZXS_ygw3YARH5BC9TG5saM,"6346 E Pacific Coast Hwy, Long Beach, CA 90803, USA",33.7592918,-118.1142356,,4.5,https://maps.google.com/?cid=11795412523279355935,https://www.amctheatres.com/movie-theatres/los-angeles/amc-marina-pacifica-12,(562) 430-8790
BU20208610,2019-05-01,Whole Foods Market,ChIJo3tCMt8v3YARMftWrefJXFg,"6550 Pacific Coast Hwy, Long Beach, CA 90803, USA",33.7548912,-118.1092503,3,4.4,https://maps.google.com/?cid=6367185970077825841,http://www.wholefoodsmarket.com/stores/longbeach,(562) 598-8687
BU20006940,2019-05-01,Top Drawer,ChIJU7vP9Ukw3YARuFBxZvuLMwk,"189 Argonne Ave, Long Beach, CA 90803, USA",33.7607278,-118.136913,,,https://maps.google.com/?cid=663027482025349304,,(562) 438-3602
BU20047940,2019-05-01,Naples Medical Group,ChIJo_zrEyQw3YARKmSKmE6C2VY,"5865 E Naples Plaza, Long Beach, CA 90803, USA",33.7558301,-118.1193621,,5,https://maps.google.com/?cid=6258176431286281258,,(562) 434-4481
BU01035720,2019-05-01,ABYC,ChIJgS8wvR4w3YAR6UcmZm8ArNU,"7201 E Ocean Blvd, Long Beach, CA 90803, USA",33.7459488,-118.116781,,4.7,https://maps.google.com/?cid=15396681704528037865,http://abyc.org/,(562) 434-9955
BU21519970,2019-05-01,Mobil,ChIJgUVvuU0w3YARDZOe_C_GJyM,"76 S Termino Ave, Long Beach, CA 90803, USA",33.7604038,-118.1454249,,4.1,https://maps.google.com/?cid=2533211224823206669,https://www.exxon.com/find-a-station,(562) 434-6849
BU00036110,2019-05-01,Scuba Duba Corporation,ChIJG43-nOAv3YARgllQTdWqAZ0,"255 N Marina Dr, Long Beach, CA 90803, USA",33.75233530000001,-118.1083672,,4,https://maps.google.com/?cid=11313511572033264002,http://www.scubadubacorp.com/,(562) 598-9444
BU21332820,2019-05-01,Sanctuary Spa & Skin Care,ChIJ8wHR5t4v3YAR4V6jk6oPm30,"6487 E Pacific Coast Hwy, Long Beach, CA 90803, USA",33.757285,-118.108088,,4.7,https://maps.google.com/?cid=9050845101426958049,http://www.sanctuaryskincare.net/,(562) 430-3027
BU21518780,2019-05-01,Evans Brizendine & Silver,ChIJgcUMQiQw3YARzvnFgWNF33M,"5826 E Naples Plaza, Long Beach, CA 90803, USA",33.75614559999999,-118.1205067,,,https://maps.google.com/?cid=8349468527849503182,,(562) 439-9001
BU21508710,2019-05-01,THAIRAPY Salon and Spa,ChIJ2cVcPx4w3YARae_L6PZ4oM0,"120 Marina Dr, Long Beach, CA 90803, USA",33.74682759999999,-118.114892,,5,https://maps.google.com/?cid=14816975775911898985,http://www.thairapysalonlongbeach.com/,(562) 430-2355
BU21501630,2019-05-01,Bikram Hot Yoga Long Beach,ChIJY1iz6Scw3YARh63688aXehI,"6324 E Pacific Coast Hwy # E, Long Beach, CA 90803, USA",33.759732,-118.115023,,4.9,https://maps.google.com/?cid=1331543520594013575,https://bikramhotyogalongbeach.com/,(562) 650-0538
BU21323630,2019-05-01,Naples Island Car Wash & Detail,ChIJ132k9yQw3YARBXmBI1Ns4ZY,"5790 E 2nd St, Long Beach, CA 90803, USA",33.75627540000001,-118.1211888,,3.5,https://maps.google.com/?cid=10872090079782861061,http://www.naplesislandcarwash.com/,(562) 987-5772
BU21311520,2019-05-01,Five Guys,ChIJ70Xqy9gv3YAR8l-zYr3rpkU,"6650 Pacific Coast Hwy, Long Beach, CA 90803, USA",33.7537019,-118.1085151,2,4.3,https://maps.google.com/?cid=5018958033388265458,http://fiveguys.com/,(562) 596-9176
BU21417900,2019-05-01,Kihon,ChIJ06eCLCUw3YARLU9JIH9tqKk,"5662 E 2nd St, Long Beach, CA 90803, USA",33.7566845,-118.1238283,2,4.5,https://maps.google.com/?cid=12225141581267160877,http://www.kihonsushi.com/,(562) 433-3800
BU21013910,2019-05-01,"Novus Mindful Life, Couples Counseling-Sex Addiction",ChIJfRGVbd4v3YARRVWPuWcLoKQ,"6695 E Pacific Coast Hwy #135, Long Beach, CA 90803, USA",33.75444360000001,-118.106951,,4.7,https://maps.google.com/?cid=11862493958616601925,https://novusmindfullife.com/,(562) 431-5100
BU21411650,2019-05-01,Marina Wine Bar,ChIJ3zV-khox3YARieYQ8D2jg30,"194 N Marina Dr #101, Long Beach, CA 90803, USA",33.747735,-118.114843,2,4.1,https://maps.google.com/?cid=9044251963106059913,http://www.marinawine.com/,(562) 335-2301
BU92050760,2019-05-01,Salon Soma,ChIJ18Up_zYw3YARbcYS9P6mLtA,"203 Glendora Ave, Long Beach, CA 90803, USA",33.7597215,-118.1325718,,5,https://maps.google.com/?cid=15001111022764476013,http://www.salonsoma.com/,(562) 987-4799
BU21107290,2019-05-01,Long Beach Yacht Club,ChIJmQ6lSSAw3YARK_srwLBL7zw,"6201 Appian Way, Long Beach, CA 90803, USA",33.7529669,-118.1138527,,4.6,https://maps.google.com/?cid=4390811384219958059,http://www.lbyc.org/,(562) 598-9401
BU21409650,2019-05-01,Ocean Market Grill,ChIJo2kl3Ccw3YARJpHfawocu5k,"6332 Pacific Coast Hwy, Long Beach, CA 90803, USA",33.7594731,-118.1135254,2,4.4,https://maps.google.com/?cid=11077478539532931366,http://www.oceanmarketgrill.com/home,(562) 472-6151
BU21401800,2019-05-01,Floyd's 99 Barbershop,ChIJqW-4wk0w3YAR0hcWEhcWSRY,"4000 E Ocean Blvd, Long Beach, CA 90803, USA",33.7592711,-118.1457926,,4.4,https://maps.google.com/?cid=1605839030477789138,http://www.floydsbarbershop.com/long-beach/,(562) 343-2300
BU21318930,2019-05-01,White Wasabi Sushi + Beer,ChIJ9Wi9Xt4v3YARdIOrMVxA6vA,"6640 E Pacific Coast Hwy, Long Beach, CA 90803, USA",33.7538914,-118.1086818,2,4.4,https://maps.google.com/?cid=17359758478367490932,http://www.facebook.com/WhiteWasabiLB,(562) 799-0278
BU21401940,2019-05-01,Boathouse on the Bay,ChIJuYNGVh4w3YARFyshF6Esgt0,"190 N Marina Dr, Long Beach, CA 90803, USA",33.747677,-118.1148888,2,4.4,https://maps.google.com/?cid=15961369099743865623,http://www.boathouseonthebay.com/,(562) 493-1100
BU21330100,2019-05-01,THAIRAPY Salon and Spa,ChIJ2cVcPx4w3YARae_L6PZ4oM0,"120 Marina Dr, Long Beach, CA 90803, USA",33.74682759999999,-118.114892,,5,https://maps.google.com/?cid=14816975775911898985,http://www.thairapysalonlongbeach.com/,(562) 430-2355
BU21314480,2019-05-01,First Ticket Travel,ChIJd33hayQw3YARzFiebIczKtM,"25 Vista Del Golfo, Long Beach, CA 90803, USA",33.751415,-118.11992,,,https://maps.google.com/?cid=15216030947760560332,http://www.firsttickettravel.com/,(562) 439-1786
BU92052170,2019-05-01,Granada Deli & Liquor,ChIJqTrkYEgw3YARhpiKHBsPors,"12 Granada Ave, Long Beach, CA 90803, USA",33.75656839999999,-118.1383821,,4.7,https://maps.google.com/?cid=13520385640437028998,,(562) 438-4724
BU90007980,2019-05-01,Oggi Domani,ChIJL86cciQw3YARJsiMJKy99uY,"5870 E Naples Plaza, Long Beach, CA 90803, USA",33.755429,-118.119718,,4.5,https://maps.google.com/?cid=16642698020039477286,,(562) 438-1191
BU21238850,2019-05-01,Kamal Palace,ChIJ228GgCcw3YARiv752dBTYu0,"6374 Pacific Coast Hwy, Long Beach, CA 90803, USA",33.7591605,-118.1140411,2,4.4,https://maps.google.com/?cid=17105326491181907594,http://kamalpalacela.com/,(562) 493-0255
BU21212540,2019-05-01,"The ""R"" Massage and Skin Care Services",ChIJN1a9Xt4v3YARM8W1qdnuhNA,"6642 E Pacific Coast Hwy Suite 105, Long Beach, CA 90803, USA",33.7547646,-118.1081189,,5,https://maps.google.com/?cid=15025396875437393203,http://www.rmss.massagetherapy.com/,(310) 631-2123
BU21220220,2019-05-01,Veggie Grill,ChIJydlCLNkv3YAR504y-_5E0Pk,"6451 Pacific Coast Hwy, Long Beach, CA 90803, USA",33.7578002,-118.1087396,2,4.4,https://maps.google.com/?cid=18000963572526632679,http://www.veggiegrill.com/,(562) 430-4986
BU21109810,2019-05-01,D'Aversa The Salon,ChIJt98ALtkv3YARf4SlVQDmhRc,"6477 Pacific Coast Hwy, Long Beach, CA 90803, USA",33.757684,-118.108199,,4.6,https://maps.google.com/?cid=1695013723886158975,http://daversasalons.com/,(562) 795-5885
BU20833700,2019-05-01,Sandpiper Properties,ChIJgT508CMw3YARfIioRxkJn3o,"5924 E Naples Plaza, Long Beach, CA 90803, USA",33.7544234,-118.1190591,,3,https://maps.google.com/?cid=8835790998105262204,,(562) 438-1171
BU21139050,2019-05-01,Body Solutions Fitness & Therapy,ChIJ4b0LQiQw3YARQGz2PqMv4Y0,"5830 E Naples Plaza, Long Beach, CA 90803, USA",33.756013,-118.1204327,,5,https://maps.google.com/?cid=10223505007290248256,http://www.bodysolutionsft.com/,(562) 438-3400
BU20731500,2019-05-01,Ocean Nail Spa,ChIJweRpaSQw3YAR3fsmnBKnztI,"5846 E Naples Plaza, Long Beach, CA 90803, USA",33.7558952,-118.120039,,4.6,https://maps.google.com/?cid=15190262291538312157,,(562) 930-1000
BU21028620,2019-05-01,Malainey's Grill & One Hell of an Irish Bar,ChIJ4QrZWB4w3YARtw_bH88lsjI,"168 N Marina Dr, Long Beach, CA 90803, USA",33.7470832,-118.1149816,2,4.4,https://maps.google.com/?cid=3653023819273801655,https://malaineysgrill.com/,(562) 598-9431
BU21036420,2019-05-01,Quinn's Pub & Grill,ChIJu3StGjYw3YAR0gbGDDuN4qs,"200 Nieto Ave suite a, Long Beach, CA 90803, USA",33.76068,-118.134895,1,4.3,https://maps.google.com/?cid=12385617209979176658,http://www.quinnslongbeach.com/,(562) 434-2606
BU20922080,2019-05-01,Shoreline Center for Eating Disorder Treatment,ChIJO-WI9Ukw3YARPh00O2eGv9c,"191 Argonne Ave, Long Beach, CA 90803, USA",33.76080069999999,-118.1368389,,3,https://maps.google.com/?cid=15546292216639266110,http://shoreline-eatingdisorders.com/,(562) 434-6007
BU20915020,2019-05-01,Long Beach Windsurf & Kayak,ChIJiW6ZZVIw3YARsmsO19bS8qI,"3850 E Ocean Blvd, Long Beach, CA 90803, USA",33.760198,-118.1482228,,4.9,https://maps.google.com/?cid=11741678998681185202,http://www.windsurfcenter.com/,(562) 433-1014
BU20931170,2019-05-01,Cardinal Escrow,ChIJ-5nm0c4m3YARobNIk1n4UBA,"6615 E Pacific Coast Hwy #240, Long Beach, CA 90803, USA",33.754874,-118.107234,,5,https://maps.google.com/?cid=1175712566350492577,http://www.cardinalescrow.com/,(562) 493-9393
BU20911460,2019-05-01,J's Cleaners & Laundry,ChIJix34x9gv3YARyQjLAS8FJoU,"6451 E Pacific Coast Hwy # 21, Long Beach, CA 90803, USA",33.7579186,-118.1091505,,3.7,https://maps.google.com/?cid=9594361755611105481,,(562) 596-2541
BU20803610,2019-05-01,Naples Dermatology Associates: Fein Howard MD,ChIJo_zrEyQw3YARcsJvuA-LWgA,"5865 E Naples Plaza, Long Beach, CA 90803, USA",33.7558127,-118.1193543,,5,https://maps.google.com/?cid=25485647539061362,http://www.pvdermatology.com/,(562) 433-7700
BU90005940,2019-05-01,Oggi Domani,ChIJL86cciQw3YARJsiMJKy99uY,"5870 E Naples Plaza, Long Beach, CA 90803, USA",33.755429,-118.119718,,4.5,https://maps.google.com/?cid=16642698020039477286,,(562) 438-1191
BU94022660,2019-05-01,Chuck's Coffee Shop,ChIJRQRmf04w3YARaCHWy4j1EnM,"4120 E Ocean Blvd, Long Beach, CA 90803, USA",33.7587677,-118.14473,1,4.5,https://maps.google.com/?cid=8291959831826669928,,(562) 433-9317
BU88048400,2019-05-01,Scissors Hair Salon,ChIJu3StGjYw3YARUA498HvsnRc,"200 Nieto Ave # 202, Long Beach, CA 90803, USA",33.7606011,-118.1349274,,5,https://maps.google.com/?cid=1701776251271581264,,(562) 438-7563
BU90073920,2019-05-01,Long Beach Windsurf & Kayak,ChIJiW6ZZVIw3YARsmsO19bS8qI,"3850 E Ocean Blvd, Long Beach, CA 90803, USA",33.760198,-118.1482228,,4.9,https://maps.google.com/?cid=11741678998681185202,http://www.windsurfcenter.com/,(562) 433-1014
BU94027350,2019-05-01,Colonna & Co Realty,ChIJF7-0_jYw3YARb2f_8BHHD1o,"203 Glendora Ave, Long Beach, CA 90803, USA",33.7596874,-118.132589,,5,https://maps.google.com/?cid=6489624467935815535,,(562) 438-9735
BU99043310,2019-05-01,THAIRAPY Salon and Spa,ChIJ2cVcPx4w3YARae_L6PZ4oM0,"120 Marina Dr, Long Beach, CA 90803, USA",33.74682759999999,-118.114892,,5,https://maps.google.com/?cid=14816975775911898985,http://www.thairapysalonlongbeach.com/,(562) 430-2355
BU92026010,2019-05-01,Z Fabrique,ChIJO-WI9Ukw3YAR8RR5WILtJE8,"191 Argonne Ave # 1, Long Beach, CA 90803, USA",33.760765,-118.1369333,,4.6,https://maps.google.com/?cid=5702944172243752177,http://www.zfabrique.com/,(562) 439-6883
BU94012080,2019-05-01,Carmen's Gypsy Coffee Bar,ChIJUWap29wx3YAR8Nhg66-wZEY,"5790 E 2nd St, Long Beach, CA 90803, USA",33.7564243,-118.1211314,,5,https://maps.google.com/?cid=5072373349940779248,http://www.carmenscoffee.com/,(562) 337-9861
BU94012180,2019-05-01,Long Beach Dance Center,ChIJh9QFZEgw3YARb3J94FiAa3s,"5107 E Ocean Blvd, Long Beach, CA 90803, USA",33.756437,-118.138189,,4.5,https://maps.google.com/?cid=8893343008384971375,,(562) 438-1557
BU92033290,2019-05-01,Linda Marmion - Coldwell Banker Coastal Alliance,ChIJfRGVbd4v3YARb1f57Xlq-eQ,"244 Redondo Ave, Long Beach, CA 90803, USA",33.765885,-118.152085,,5,https://maps.google.com/?cid=16499335781764650863,http://lindamarmion.com/,(562) 619-2261
BU21524834,2019-05-01,Playa Amor Mexican Cocina,ChIJrzQNL98v3YAR6mfF4X9Ceps,"6527 Pacific Coast Hwy, Long Beach, CA 90803, USA",33.75716500000001,-118.107823,2,4.5,https://maps.google.com/?cid=11203340140053620714,http://www.playaamorlb.com/,(562) 430-2667
BU21525289,2019-05-01,Liquor Locker,ChIJ-zSg_zYw3YARzxhWMXk6ufM,"5297 E 2nd St, Long Beach, CA 90803, USA",33.759542,-118.132651,,4.6,https://maps.google.com/?cid=17562132514101139663,,(562) 434-3976
BU20112570,2019-05-01,Mimi's Cafe,ChIJh2klvNgv3YARkxzJ7AEGPi8,"6670 Pacific Coast Hwy, Long Beach, CA 90803, USA",33.75394499999999,-118.107778,2,3.9,https://maps.google.com/?cid=3404164973676010643,http://www.mimiscafe.com/,(562) 596-0831
BU20352510,2019-05-01,THAIRAPY Salon and Spa,ChIJ2cVcPx4w3YARae_L6PZ4oM0,"120 Marina Dr, Long Beach, CA 90803, USA",33.74682759999999,-118.114892,,5,https://maps.google.com/?cid=14816975775911898985,http://www.thairapysalonlongbeach.com/,(562) 430-2355
BU21604029,2019-05-01,Ballast Point Brewing Long Beach,ChIJz2OFZB4w3YARbMgUBB0POpw,"110 N Marina Dr, Long Beach, CA 90803, USA",33.7465,-118.1147833,,4.4,https://maps.google.com/?cid=11257326835862915180,https://www.ballastpoint.com/location/ballast-point-long-beach/,(562) 296-4470
BU21704237,2019-05-01,Happy Nails & Spa,ChIJmRa9XN4v3YARt9eemQBDS0E,"6604 E Pacific Coast Hwy, Long Beach, CA 90803, USA",33.7542929,-118.1090949,,4.8,https://maps.google.com/?cid=4704927905574999991,http://www.happynails.com/,(562) 795-6178
BU21700661,2019-05-01,Artemis Hill Recovery,ChIJ2UdQ0d0v3YARitsPKnsw1xA,"6621 Pacific Coast Hwy, Long Beach, CA 90803, USA",33.75524899999999,-118.1060207,,5,https://maps.google.com/?cid=1213491930144430986,http://www.artemis4recovery.com/,(562) 344-6080
BU21605579,2019-05-01,Cheese Addiction,ChIJu1HXQDcw3YARu7asQl5Jfbw,"195 Claremont Ave, Long Beach, CA 90803, USA",33.75822720000001,-118.1310788,,4.7,https://maps.google.com/?cid=13582092720413652667,http://www.cheeseaddiction.com/,(562) 433-4986
BU21605643,2019-05-01,Bridget Nottingham Hair Design,ChIJG2Ph7ysw3YARBQ7e-mdmMH0,"6232 E Pacific Coast Hwy, Long Beach, CA 90803, USA",33.76654,-118.116735,,,https://maps.google.com/?cid=9020822650399624709,https://www.bridgetnottinghamhairdesign.com/contact,(562) 961-0148
BU21708360,2019-05-01,Chronic Tacos,ChIJ5YGZXN4v3YARfijWcEjmQBA,"3870 E Ocean Blvd, Long Beach, CA 90803, USA",33.7600501,-118.1480198,1,4.1,https://maps.google.com/?cid=1171189101921446014,http://www.chronictacos.com/belmont-shore,(562) 438-2714
BU21608795,2019-05-01,D'Aversa The Salon,ChIJt98ALtkv3YARf4SlVQDmhRc,"6477 Pacific Coast Hwy, Long Beach, CA 90803, USA",33.757684,-118.108199,,4.6,https://maps.google.com/?cid=1695013723886158975,http://daversasalons.com/,(562) 795-5885
BU21702136,2019-05-01,Dermasculpt Center,ChIJuyHZWyQw3YARPjXHwgcGi_4,"5810 E 2nd St, Long Beach, CA 90803, USA",33.756198,-118.120748,,5,https://maps.google.com/?cid=18341760537798849854,http://www.dermasculptcenter.com/,(562) 343-7546
BU21602239,2019-05-01,Marina Smiles Dentistry,ChIJB7ZFLt8v3YAR1l_BseJxKyU,"6437 E Pacific Coast Hwy Unit A-6, Long Beach, CA 90803, United States",33.7572042,-118.1094702,,4.7,https://maps.google.com/?cid=2678359621860679638,https://www.marinasmilesdentistry.com/?sc_cid=google:o:gmb,(562) 280-5200
BU21607521,2019-05-01,Dr. Michael A. Wooten,ChIJr1eDzbox3YAR44G7GKPGQ9U,"5929 E Naples Plaza, Long Beach, CA 90803, USA",33.754416,-118.118482,,5,https://maps.google.com/?cid=15367344757315174883,http://drmichaelawooten.com/,(562) 434-5656
BU21607650,2019-05-01,Orangetheory Fitness,ChIJbUeKTt4v3YARi7yOfvwEfe4,"6620 E Pacific Coast Hwy, Long Beach, CA 90803, USA",33.75411179999999,-118.1089074,,4.8,https://maps.google.com/?cid=17184897235617234059,https://longbeachmarina.orangetheoryfitness.com/?utm_source=local_seo&utm_medium=organic&utm_content=reputationdotcom,(562) 475-4788
BU21700817,2019-05-01,Nomad Asian Bistro,ChIJxYMU394v3YARKrR8auve9Iw,"6563 Pacific Coast Hwy, Long Beach, CA 90803, USA",33.756591,-118.107732,2,4.5,https://maps.google.com/?cid=10156988162312549418,http://www.nomadasianbistrolongbeach.com/,(562) 430-6888
BU21702691,2019-05-01,American Vintage Barber Shop,ChIJEVFNQjYw3YARlWnWHJT7vOQ,"203 Covina Ave, Long Beach, CA 90803, USA",33.760188,-118.133788,,4.8,https://maps.google.com/?cid=16482325349826718101,http://www.americanvintagebarbershop.com/,(562) 987-2887
BU21608765,2019-05-01,Enjoy Healing Center,ChIJzcJF0t0v3YARv0ySu9CkwZI,"6621 Pacific Coast Hwy #130, Long Beach, CA 90803, USA",33.75544,-118.105815,,5,https://maps.google.com/?cid=10574914616449715391,http://www.enjoyhealingcenter.com/,(562) 594-6800
BU21800975,2019-05-01,The Game Changer,ChIJP8ZniTow3YARag_iNuqijNE,"6477 Pacific Coast Hwy, Long Beach, CA 90803, USA",33.7575636,-118.1083373,,,https://maps.google.com/?cid=15099622777493262186,http://daversasalons.com/services/massage-therapy/,(562) 344-5192
BU21806277,2019-05-01,BYO Long Beach,ChIJoaFzxL8x3YAR12x6Q-YuS80,"140 N Marina Dr, Long Beach, CA 90803, USA",33.7470346,-118.1147861,,5,https://maps.google.com/?cid=14792968967537978583,http://www.byolongbeach.com/,(562) 598-4889
BU21851095,2019-05-01,The Belmont Shore Inn,ChIJcXn-jE0w3YARmErAtqODpuM,"3946 E Ocean Blvd, Long Beach, CA 90803, USA",33.7598132,-118.1468427,,3.3,https://maps.google.com/?cid=16403943431912573592,https://the-belmont-shore-inn-motel.business.site/,(562) 434-6236
BU20327800,2019-05-01,Anthony Robert's Hair Salon,ChIJr--ZRC4u3YARLARCkfdEhnw,"1190 N Studebaker Rd # G, Long Beach, CA 90815, USA",33.7812889,-118.1021413,,4,https://maps.google.com/?cid=8972935137666925612,http://www.anthonyrobertslb.com/,(562) 626-8130
BU20720110,2019-05-01,Circle Porsche,ChIJr2RcN5Ex3YARhMRKOvh9E7k,"1850 Outer Traffic Cir, Long Beach, CA 90815, USA",33.7909291,-118.1433541,,4.5,https://maps.google.com/?cid=13336141426657510532,http://www.circleporsche.com/,(562) 494-1911
BU20703370,2019-05-01,A&E Insurance Services,ChIJ37io_pMx3YARFiSqEnUJSf4,"4407 E Los Coyotes Diagonal, Long Beach, CA 90815, USA",33.7910923,-118.1415564,,,https://maps.google.com/?cid=18323186957362537494,http://aandeinsurance.com/,(562) 408-1800
BU20515560,2019-05-01,Nails Boutique & Spa,ChIJr--ZRC4u3YAR-DFahIU0wdo,"1190 N Studebaker Rd #E, Long Beach, CA 90815, United States",33.781289,-118.102141,,4.5,https://maps.google.com/?cid=15762937918829244920,https://www.nailsboutiqueandspa.com/,(562) 430-9959
BU20104650,2019-05-01,Power Source Electric,ChIJ-7dpXjIu3YARqHdWOUp3B3M,"849 Stevely Ave, Long Beach, CA 90815, USA",33.7781639,-118.098977,,,https://maps.google.com/?cid=8288724799871940520,,(714) 992-6845
BU21206080,2019-05-01,New Flower Studio Body Piercing and Jewelry,ChIJKTRkaC4u3YARBXxHsqs0CZU,"1180 N Studebaker Rd, Long Beach, CA 90815, USA",33.7808439,-118.1019752,,4.7,https://maps.google.com/?cid=10739172698476739589,http://www.newflowerstudio.com/,(562) 363-5003
BU21303680,2019-05-01,Anthony Robert's Hair Salon,ChIJr--ZRC4u3YARLARCkfdEhnw,"1190 N Studebaker Rd # G, Long Beach, CA 90815, USA",33.7812889,-118.1021413,,4,https://maps.google.com/?cid=8972935137666925612,http://www.anthonyrobertslb.com/,(562) 626-8130
BU21115630,2019-05-01,Wee Care Montessori Center,ChIJD2FmpiEu3YARKGQwIhKMVdE,"1901 Palo Verde Ave, Long Beach, CA 90815, USA",33.79126,-118.108463,,5,https://maps.google.com/?cid=15084116536458241064,http://weecaremontessori.com/,(562) 594-6911
BU20842870,2019-05-01,Anthony Robert's Hair Salon,ChIJr--ZRC4u3YARLARCkfdEhnw,"1190 N Studebaker Rd # G, Long Beach, CA 90815, USA",33.7812889,-118.1021413,,4,https://maps.google.com/?cid=8972935137666925612,http://www.anthonyrobertslb.com/,(562) 626-8130
BU20800410,2019-05-01,Bonilla Family Child Care,ChIJf9RTZC8u3YARHo1Qw35y3fk,"6809 E Deleon St, Long Beach, CA 90815, USA",33.783715,-118.099587,,5,https://maps.google.com/?cid=18004672774065392926,,(562) 431-6518
BU21700810,2019-05-01,CrossFit Modern,ChIJ2xwnQC4u3YARmx83MtBljhU,"1180 N Studebaker Rd, Long Beach, CA 90815, USA",33.7808018,-118.1024286,,5,https://maps.google.com/?cid=1553290866359476123,http://www.crossfitmodern.com/,(714) 559-9436
BU21801986,2019-05-01,Montgomery Dry Cleaners,ChIJW2mYyhgu3YARVTNM5v9v0Ms,"1180 N Studebaker Rd f, Long Beach, CA 90815, USA",33.7807629,-118.1021477,,5,https://maps.google.com/?cid=14686361529726284629,https://montgomerycleaners.com/,(562) 431-0823
BU21803635,2019-05-01,Paterno Heating & Air Conditioning,ChIJx3IQfjsu3YARYJVPE_tHRy0,"1932 Lees Ave, Long Beach, CA 90815, USA",33.7910043,-118.0980611,,,https://maps.google.com/?cid=3262655598739559776,http://paternoheatingandairconditioning.com/,(562) 596-8368
BU20704560,2019-05-01,Los Altos Carwash,ChIJZ7WtGe8x3YARrbU3hF7GSyc,"5470 E Stearns St, Long Beach, CA 90815, USA",33.7958154,-118.1262774,,3.5,https://maps.google.com/?cid=2831574899979957677,http://losaltoscarwash.com/,(562) 597-3111
BU06066400,2019-05-01,El Dorado Golf Course Restaurant,ChIJf6cwoA8u3YARxj130mC7TGc,"2400 N Studebaker Rd, Long Beach, CA 90815, USA",33.7982234,-118.0980882,,4.4,https://maps.google.com/?cid=7443530308658871750,http://www.eldoradoparkgc.com/,(562) 430-5411
BU20317210,2019-05-01,East Long Beach Pool Supply,ChIJzSgghf8x3YARGUT28clXBRE,"3044 Woodruff Ave, Long Beach, CA 90808, USA",33.8120485,-118.1146362,,4.4,https://maps.google.com/?cid=1226482998387819545,http://eastlongbeachpool.com/,(562) 420-6583
BU20658680,2019-05-01,Holiday Inn Long Beach Airport,ChIJGdQGnIkx3YARHcjYXaRh0NE,"2640 N Lakewood Blvd, Long Beach, CA 90815, USA",33.8040691,-118.1417885,,4.1,https://maps.google.com/?cid=15118691307659773981,https://www.hilongbeach.com/,(562) 597-4401
BU20658700,2019-05-01,Holiday Inn Long Beach Airport,ChIJGdQGnIkx3YARHcjYXaRh0NE,"2640 N Lakewood Blvd, Long Beach, CA 90815, USA",33.8040691,-118.1417885,,4.1,https://maps.google.com/?cid=15118691307659773981,https://www.hilongbeach.com/,(562) 597-4401
BU20211320,2019-05-01,Grounds Bakery & Cafe,ChIJDQsECQEu3YARruGhjJRfyD4,"6277 E Spring St, Long Beach, CA 90808, USA",33.8112796,-118.1089792,1,4.5,https://maps.google.com/?cid=4523970917312881070,http://www.groundscafe.com/,(562) 429-5661
BU20211330,2019-05-01,Grounds Bakery & Cafe,ChIJDQsECQEu3YARruGhjJRfyD4,"6277 E Spring St, Long Beach, CA 90808, USA",33.8112796,-118.1089792,1,4.5,https://maps.google.com/?cid=4523970917312881070,http://www.groundscafe.com/,(562) 429-5661
BU20033010,2019-05-01,Go Dogs Go,ChIJXRKGLfkt3YAR6J-qPZkOiE4,"3440 N Los Coyotes Diagonal, Long Beach, CA 90808, USA",33.8190873,-118.1083977,,4.3,https://maps.google.com/?cid=5658788983118405608,https://www.groominglongbeach.com/,(562) 275-3671
BU20033020,2019-05-01,Go Dogs Go,ChIJXRKGLfkt3YAR6J-qPZkOiE4,"3440 N Los Coyotes Diagonal, Long Beach, CA 90808, USA",33.8190873,-118.1083977,,4.3,https://maps.google.com/?cid=5658788983118405608,https://www.groominglongbeach.com/,(562) 275-3671
BU20101070,2019-05-01,Atlantis Eyecare Long Beach,ChIJB84ep_8x3YAR1FdoXCCMXLg,"5991 E Spring St, Long Beach, CA 90808, USA",33.8108285,-118.1149796,,2.9,https://maps.google.com/?cid=13284647071453304788,https://www.atlantiseyecare.com/contact/long-beach-lasik.php,(562) 938-9945
BU01028190,2019-05-01,"Dr. Arlo G Jorgensen DDS, MS Orthodontist",ChIJ6xinmQEu3YARh8ML8UIjtJo,"6226 E Spring St #320, Long Beach, CA 90815, USA",33.81010839999999,-118.1103019,,5,https://maps.google.com/?cid=11147573748067713927,http://www.arlojorgensenorthodontist.com/,(562) 421-9491
BU05050360,2019-05-01,United Mail Services,ChIJacMOxyEu3YARdSyiV9td4lc,"2005 Palo Verde Ave, Long Beach, CA 90815, USA",33.7924082,-118.1083996,,4,https://maps.google.com/?cid=6332727222685805685,,(562) 596-1673
BU20543050,2019-05-01,Trader Joe's,ChIJMTpwdO8x3YARlPF21kY5zto,"2222 N Bellflower Blvd, Long Beach, CA 90815, USA",33.7967761,-118.1228974,2,4.6,https://maps.google.com/?cid=15766602321879298452,https://locations.traderjoes.com/ca/long-beach/194/?utm_source=Google&utm_medium=Maps&utm_campaign=Google+Places,(562) 596-2514
BU20140820,2019-05-01,"Douglas R Wall, DDS",ChIJZUkA0ugx3YAR8UAGAMMDn1Q,"5479 E Abbeyfield St Suite #4, Long Beach, CA 90815, USA",33.7940444,-118.1262268,,5,https://maps.google.com/?cid=6097596556536856817,https://www.dentistinlongbeachca.com/,(562) 553-0418
BU20510050,2019-05-01,76,ChIJVU0XbB0y3YAR9BE0zhqUr1o,"3005 N Bellflower Blvd, Long Beach, CA 90808, USA",33.8109747,-118.1257318,2,4.3,https://maps.google.com/?cid=6534604427187458548,https://www.76.com/?utm_source=G&utm_medium=local&utm_campaign=google-local,(562) 497-0460
BU01031900,2019-05-01,Los Altos Grace Schools - Preschool & Elementary,ChIJac1slBgu3YARaBu5TsExljY,"6565 E Stearns St, Long Beach, CA 90815, USA",33.795688,-118.104431,,5,https://maps.google.com/?cid=3933386030873910120,http://longbeachchristianschools.org/,(562) 430-6813
BU20730510,2019-05-01,Hof's Hut Restaurant & Bakery,ChIJKbYeOO8x3YAR6ln16tbci4E,"2147 N Bellflower Blvd, Long Beach, CA 90815, USA",33.7952476,-118.1255596,2,4.4,https://maps.google.com/?cid=9334797468278544874,http://www.hofshut.com/,(562) 597-5811
BU20256650,2019-05-01,Jacob's Hair Studio,ChIJ74LTswYu3YARgjD_rV_hK5Q,"6508 E Spring St, Long Beach, CA 90815, USA",33.8096926,-118.10589,,5,https://maps.google.com/?cid=10676875142669217922,,(562) 420-9512
BU20237820,2019-05-01,Eaton's Golf Shop,ChIJgee6LAAy3YARPuCCTn4Clco,"3036 Woodruff Ave, Long Beach, CA 90808, USA",33.8121081,-118.1143249,,4.5,https://maps.google.com/?cid=14597576508697665598,http://eatonsgolf.com/,(562) 420-6776
BU20448210,2019-05-01,76,ChIJVU0XbB0y3YAR9BE0zhqUr1o,"3005 N Bellflower Blvd, Long Beach, CA 90808, USA",33.8109747,-118.1257318,2,4.3,https://maps.google.com/?cid=6534604427187458548,https://www.76.com/?utm_source=G&utm_medium=local&utm_campaign=google-local,(562) 497-0460
BU20148830,2019-05-01,John's Hamburgers,ChIJp2wbtAEu3YARuLMPsAcKoZc,"6223 E Spring St, Long Beach, CA 90808, USA",33.81071410000001,-118.1105088,1,4.5,https://maps.google.com/?cid=10926025199112401848,http://www.johnshamburgerslongbeach.com/,(562) 421-3663
BU20705120,2019-05-01,Lynott Chiropractic & Acupuncture,ChIJm0KTpOgx3YARB3JiyvXNhJY,"5512 E Britton Dr, Long Beach, CA 90815, USA",33.7936705,-118.1245633,,4.8,https://maps.google.com/?cid=10846020258161127943,http://www.lynottchiropractic.com/,(562) 594-6644
BU20707440,2019-05-01,Los Altos Cleaners,ChIJKUO9c-8x3YARdFhK6GQ9WVk,"2218 N Bellflower Blvd, Long Beach, CA 90815, USA",33.796603,-118.1230222,,2.7,https://maps.google.com/?cid=6438244645906045044,,(562) 493-2495
BU20505470,2019-05-01,"Onisko & Scholz, LLP Certified Public Accountants",ChIJ0y7CcB8y3YARzuITBROxDGI,"5000 E Spring St, Long Beach, CA 90815, USA",33.8099554,-118.1354156,,5,https://maps.google.com/?cid=7065216610685149902,https://www.oniskoscholz.com/,(562) 420-3100
BU20408140,2019-05-01,Copyco USA,ChIJEWy4Pu8x3YARddOO6JhMQhQ,"2155 N Bellflower Blvd, Long Beach, CA 90815, USA",33.79549860000001,-118.1255822,,4.5,https://maps.google.com/?cid=1459813448841876341,,(562) 961-1123
BU20601860,2019-05-01,You Dirty Dog Pet Grooming,ChIJeQa6LAAy3YARRmZfpDuSQwM,"3040 Woodruff Ave, Long Beach, CA 90808, USA",33.812173,-118.114399,,4.7,https://maps.google.com/?cid=235192390411839046,,(562) 429-1980
BU02049560,2019-05-01,Los Altos Dance Center,ChIJPUdfUB0y3YARhSZtjscyGEg,"5531 E Spring St, Long Beach, CA 90808, USA",33.8107584,-118.123926,,5,https://maps.google.com/?cid=5194958002841265797,http://www.losaltosdance.com/,(562) 429-7486
BU06032520,2019-05-01,Palo Verde Ave Church School,ChIJn-s_8xwu3YAR4tenNffQZNk,"2501 Palo Verde Ave, Long Beach, CA 90815, USA",33.8018074,-118.1086164,,5,https://maps.google.com/?cid=15664875164077119458,http://www.paloverdeavechristianchurch.com/,(562) 598-5215
BU20356160,2019-05-01,Accu Dental Group,ChIJR9XHtAYu3YARNR1THerXeIY,"6413 E Spring St, Long Beach, CA 90808, USA",33.810548,-118.1073318,,5,https://maps.google.com/?cid=9689731998801927477,,(562) 938-8388
BU20307870,2019-05-01,Jacob's Hair Studio,ChIJ74LTswYu3YARgjD_rV_hK5Q,"6508 E Spring St, Long Beach, CA 90815, USA",33.8096926,-118.10589,,5,https://maps.google.com/?cid=10676875142669217922,,(562) 420-9512
BU20413690,2019-05-01,VCA Los Altos Animal Hospital,ChIJr8L1h_8x3YAREArYjHY7oMk,"3080 Woodruff Ave b, Long Beach, CA 90808, USA",33.8126258,-118.1145939,,4.6,https://maps.google.com/?cid=14528677778252368400,https://vcahospitals.com/los-altos?utm_source=maps&utm_medium=organic&utm_campaign=VCA_Los_Altos_Animal_Hospital,(562) 421-3749
BU20328060,2019-05-01,WW (Weight Watchers),ChIJHwhonvcx3YAR9C0EphPQp8M,"2832 N Bellflower Blvd, Long Beach, CA 90815, USA",33.8073658,-118.1246062,,4.6,https://maps.google.com/?cid=14098465941314874868,https://www.weightwatchers.com/us/find-a-meeting/1188040/ww-studio-long-beach-long-beach-ca?utm_source=googlelocal,(800) 651-6000
BU20329040,2019-05-01,"Dr. David Hillinger, DDS",ChIJ6xinmQEu3YARHcLmCGtp1Rs,"6226 E Spring St #375, Long Beach, CA 90815, USA",33.8099544,-118.1101954,,4.8,https://maps.google.com/?cid=2005625117495181853,,(562) 444-8807
BU20103530,2019-05-01,Ward Chiropractic Family Center,ChIJYZp_sQYu3YARjGtv6QzQ8vk,"6530 E Spring St, Long Beach, CA 90815, USA",33.810392,-118.105592,,5,https://maps.google.com/?cid=18010686613682613132,http://www.chiroman.com/,(562) 420-8884
BU20240680,2019-05-01,Hamilton Mercer & Werre,ChIJS_M4avcx3YARA39VO1iiPUU,"2750 N Bellflower Blvd # 201, Long Beach, CA 90815, USA",33.80617919999999,-118.1248747,,,https://maps.google.com/?cid=4989322462032658179,http://www.hmwllp.com/,(562) 425-7700
BU20142720,2019-05-01,"John McGuire, D.D.S.",ChIJDyVPFP8t3YARJQVImvEd79w,"3320 N Los Coyotes Diagonal #220, Long Beach, CA 90808, USA",33.81696160000001,-118.109736,,5,https://maps.google.com/?cid=15919976131290727717,http://www.mcguiredental.com/,(562) 627-0075
BU04037320,2019-05-01,St Gregory's Episcopal Church,ChIJr0CbzAIu3YARn9o_Yn3BK9o,"6201 E Willow St, Long Beach, CA 90815, USA",33.80350079999999,-118.1103883,,4.9,https://maps.google.com/?cid=15720871668530272927,http://stgregoryschurch.com/,(562) 420-1311
BU21516170,2019-05-01,Flippin' Pizza,ChIJ085PpQEu3YARCglAfg2hMT4,"6269 E Spring St, Long Beach, CA 90808, USA",33.8113772,-118.1091305,1,4.5,https://maps.google.com/?cid=4481540183535126794,https://flippinpizza.hungerrush.com/,(562) 421-1111
BU21209480,2019-05-01,Underground Salon,ChIJD8nkRu8x3YARIWN55mTmABU,"8171 E Wardlow Rd, Long Beach, CA 90808, USA",33.8185316,-118.0699033,,4.9,https://maps.google.com/?cid=1513462795834319649,http://www.iloveunderground.com/,(562) 594-4035
BU21209490,2019-05-01,Underground Salon,ChIJD8nkRu8x3YARIWN55mTmABU,"8171 E Wardlow Rd, Long Beach, CA 90808, USA",33.8185316,-118.0699033,,4.9,https://maps.google.com/?cid=1513462795834319649,http://www.iloveunderground.com/,(562) 594-4035
BU21513390,2019-05-01,Southern California Tennis Academy,ChIJG3T7KA4u3YARSc0GgreHTOw,"2800 N Studebaker Rd, Long Beach, CA 90815, USA",33.8068623,-118.0970609,,,https://maps.google.com/?cid=17027133513411251529,http://sctennisacademy.com/,(562) 704-2241
BU21328000,2019-05-01,"Quantum Eye Group, Inc.",ChIJXwZpoyEu3YARS0O0oyZrjFM,"1945 Palo Verde Ave #210, Long Beach, CA 90815, USA",33.7916764,-118.1081965,,5,https://maps.google.com/?cid=6020304615586939723,http://www.quantumeyegroup.com/,(562) 297-0880
BU21509160,2019-05-01,Beach Cities Management,ChIJ2TK44h4u3YAR1CKW3juHl-k,"2221 Palo Verde Ave #2g, Long Beach, CA 90815, USA",33.7961902,-118.108561,,4.5,https://maps.google.com/?cid=16832070823527719636,http://beachcitiesmanagement.com/,(562) 888-0247
BU21422100,2019-05-01,EJ Malloy's - Los Altos,ChIJGU5Luugx3YARXJNQfr51nyc,"5506 E Britton Dr, Long Beach, CA 90815, USA",33.7936575,-118.1248685,2,4.3,https://maps.google.com/?cid=2855130149799629660,http://ejmalloyspub.com/,(562) 594-8771
BU21500860,2019-05-01,Rivini Salon Reflexology,ChIJA5DX4h4u3YAR2NUysz54xmE,"2221 Palo Verde Ave, Long Beach, CA 90815, USA",33.7962714,-118.1085674,,4.5,https://maps.google.com/?cid=7045450877757478360,,(562) 431-1888
BU21500380,2019-05-01,Rivini Salon Reflexology,ChIJA5DX4h4u3YAR2NUysz54xmE,"2221 Palo Verde Ave, Long Beach, CA 90815, USA",33.7962714,-118.1085674,,4.5,https://maps.google.com/?cid=7045450877757478360,,(562) 431-1888
BU21431120,2019-05-01,Jenny Craig Weight Loss Center,ChIJzxJpZ-8x3YAR50S7esNzcys,"5533 E Stearns St, Long Beach, CA 90815, USA",33.7965034,-118.1239725,,2,https://maps.google.com/?cid=3130973449367536871,https://locations.jennycraig.com/ca/longbeach/weight-loss-center-143.html,(562) 430-3883
BU21241400,2019-05-01,Sears Optical,ChIJK5E0uOgx3YAR40BUOA_WKqg,"2100 N Bellflower Blvd, Long Beach, CA 90815, USA",33.79452429999999,-118.1233854,,4.3,https://maps.google.com/?cid=12117733108251640035,https://locations.searsoptical.com/us/ca/long-beach/2100-bellflower.html?cid=yext_1562,(562) 431-3066
